m1,m2,Volume,Entropy
0.5,0.5,283.22362516864973,922.3585051588528
0.5,1.0,283.71631467233414,920.0612146909216
0.5,1.5,280.0749558253189,915.7766374146167
0.5,2.0,275.76368278075824,911.4583055753671
0.5,2.5,271.4295150548138,907.3841638023918
0.5,3.0,267.24395849791017,903.5896425556466
0.5,3.5,263.253759690481,900.0591681890498
0.5,4.0,259.4651966191055,896.7668653182582
0.5,4.5,255.87024685774168,893.6869421596675
0.5,5.0,252.45603841342668,890.7963134062735
0.5,5.5,249.20856757802196,888.0749914368821
0.5,6.0,246.1142051022933,885.5058295099752
0.5,6.5,243.1602800745583,883.0741217016575
0.5,7.0,240.33526147117817,880.7672106477277
0.5,7.5,237.62876225257835,878.5741409132445
0.5,8.0,235.03146804072895,876.4853837984061
0.5,8.5,232.535037957388,874.4925976353854
0.5,9.0,230.13199989518023,872.5884414648963
0.5,9.5,227.81565034184217,870.7664226625118
0.5,10.0,225.579962936928,869.0207677815604
0.5,10.5,223.4195070332848,867.3463208791705
0.5,11.0,221.32937614634028,865.7384586883037
0.5,11.5,219.30512555387392,864.1930172483333
0.5,12.0,217.34271807794036,862.7062343697673
0.5,12.5,215.4384770431136,861.2746965649719
0.5,13.0,213.5890454592113,859.8952990350884
0.5,13.5,211.79135056904607,858.5652061078782
0.5,14.0,210.0425730053169,857.2818255199254
0.5,14.5,208.3401199020507,856.0427758214365
0.5,15.0,206.68160139893791,854.8458660047718
0.5,15.5,205.06481005921705,853.689076188872
0.5,16.0,203.48770279317532,852.5705381875003
0.5,16.5,201.94838494051103,851.4885216880651
0.5,17.0,200.44509621681783,850.4414196736453
0.5,17.5,198.97619827345693,849.4277386089276
0.5,18.0,197.5401636572444,848.4460869783426
0.5,18.5,196.13556598771,847.4951634331503
0.5,19.0,194.7610711961124,846.5737535473702
0.5,19.5,193.4154296926877,845.6807192526365
0.5,20.0,192.0974693474625,844.8149908962629
1.0,0.5,291.1722312046054,936.8481344263868
1.0,1.0,296.62020043603286,937.3079438427848
1.0,1.5,294.2247844889843,933.5307088842972
1.0,2.0,289.82987129128,929.1284020747672
1.0,2.5,284.9447699684266,924.7774180522804
1.0,3.0,280.050907319143,920.6423303486088
1.0,3.5,275.31804213538544,916.7559720531476
1.0,4.0,270.80407537129764,913.1118854754473
1.0,4.5,266.5224651990181,909.6921231690436
1.0,5.0,262.4681900391095,906.4765160789588
1.0,5.5,258.62869761065207,903.4458177075592
1.0,6.0,254.98879805135016,900.582659895532
1.0,6.5,251.53291089369333,897.8716969591435
1.0,7.0,248.24608655490147,895.2994724124102
1.0,7.5,245.11443776916445,892.8541909835106
1.0,8.0,242.1252813316819,890.5254935371643
1.0,8.5,239.26713817668545,888.3042466905686
1.0,9.0,236.52966686295423,886.1823646139878
1.0,9.5,233.90356913371045,884.1526585903761
1.0,10.0,231.38048746007087,882.2087097597032
1.0,10.5,228.95290459202917,880.3447627198395
1.0,11.0,226.6140498637968,878.5556377569874
1.0,11.5,224.3578141781859,876.8366549346015
1.0,12.0,222.17867410481227,875.1835731688936
1.0,12.5,220.07162476813048,873.5925364504659
1.0,13.0,218.0321208449681,872.0600282879745
1.0,13.5,216.0560248547931,870.5828332129279
1.0,14.0,214.1395619070323,869.1580026679152
1.0,14.5,212.27928011073948,867.7828259786654
1.0,15.0,210.47201592045008,866.4548069176413
1.0,15.5,208.7148637702981,865.171640396645
1.0,16.0,207.00514942679803,863.931194682305
1.0,16.5,205.34040656426987,862.731490344624
1.0,17.0,203.71835613353116,861.5706926136107
1.0,17.5,202.13688815353663,860.4470921379152
1.0,18.0,200.59404560722697,859.3590959542531
1.0,18.5,199.08801016750883,858.305217684065
1.0,19.0,197.61708951770424,857.2840661310863
1.0,19.5,196.17970606374035,856.2943384805857
1.0,20.0,194.7743868635206,855.3348135803219
1.5,0.5,286.28051679344435,942.7796904195284
1.5,1.0,295.52727850863994,946.8218989614936
1.5,1.5,295.9597033931182,944.9007509397914
1.5,2.0,293.1192194980702,941.5559863076008
1.5,2.5,289.02537486634964,937.8488005127344
1.5,3.0,284.4858813046762,934.119889860084
1.5,3.5,279.8539275402448,930.4931887165504
1.5,4.0,275.29203655593,927.0132779206474
1.5,4.5,270.8752988329843,923.6926074620708
1.5,5.0,266.6360784356796,920.5300689046132
1.5,5.5,262.58500167046566,917.5189335011734
1.5,6.0,258.7214447497221,914.650397710482
1.5,6.5,255.0390243890996,911.915186055564
1.5,7.0,251.5285676099296,909.3042820494124
1.5,7.5,248.179749143016,906.8092242068236
1.5,8.0,244.98199839090336,904.4222044653771
1.5,8.5,241.9249948740642,902.1360806948588
1.5,9.0,238.99892750359524,899.944335809511
1.5,9.5,236.1946170067596,897.8410302894976
1.5,10.0,233.50355909974928,895.820746524682
1.5,10.5,230.9179223824273,893.8785361662585
1.5,11.0,228.43052122048732,892.0098711449194
1.5,11.5,226.03477576003996,890.2105985105724
1.5,12.0,223.72466633337837,888.4769045273121
1.5,12.5,221.49468654098868,886.8052767007546
1.5,13.0,219.33979747259303,885.1924752181087
1.5,13.5,217.2553844110035,883.6355058134789
1.5,14.0,215.2372166778238,882.1315972176583
1.5,14.5,213.2814108656036,880.678177706009
1.5,15.0,211.38439745557892,879.2728603456059
1.5,15.5,209.54289068035445,877.913422864494
1.5,16.0,207.7538614169926,876.5977928060591
1.5,16.5,206.01451286273743,875.3240395934931
1.5,17.0,204.3222587370268,874.09035665071
1.5,17.5,202.67470375937836,872.8950524705008
1.5,18.0,201.06962616673945,871.736543746256
1.5,18.5,199.50496205194784,870.6133445030783
1.5,19.0,197.97879132454992,869.5240584214503
1.5,19.5,196.4893251148941,868.4673728042849
1.5,20.0,195.03489446125425,867.4420513609114
2.0,0.5,275.34792483110755,946.5087263303895
2.0,1.0,286.2719425385654,953.1952364907274
2.0,1.5,289.17213718604023,953.0846464469998
2.0,2.0,288.2653165701837,950.9812233425478
2.0,2.5,285.54556583551926,948.1741494314924
2.0,3.0,281.9610227470396,945.1225298000328
2.0,3.5,277.9873072368975,942.019340752986
2.0,4.0,273.8748996600847,938.9524427133334
2.0,4.5,269.75997322979185,935.962655282268
2.0,5.0,265.71737789778155,933.0681404798332
2.0,5.5,261.7876082871685,930.2756745981072
2.0,6.0,257.9912934896132,927.5862043419812
2.0,6.5,254.33733949552132,924.99770547346
2.0,7.0,250.8276732454597,922.5066965522558
2.0,7.5,247.4600858849908,920.1090461498652
2.0,8.0,244.22997296995507,917.8004114993296
2.0,8.5,241.1314146789269,915.5764650736804
2.0,9.0,238.1578511572039,913.433018540276
2.0,9.5,235.30250453185172,911.3660777032246
2.0,10.0,232.5586400149629,909.371867547045
2.0,10.5,229.91972371622705,907.4468351162986
2.0,11.0,227.3795137518552,905.5876482295312
2.0,11.5,224.9321082248112,903.7911807489292
2.0,12.0,222.57196544119824,902.054504067325
2.0,12.5,220.2939064601674,900.3748711292104
2.0,13.0,218.09310664778627,898.7497079648894
2.0,13.5,215.9650806502493,897.1765981620141
2.0,14.0,213.90566370441343,895.6532722558547
2.0,14.5,211.91099120250036,894.1775976063171
2.0,15.0,209.97747775537036,892.7475679914105
2.0,15.5,208.10179654600896,891.361295867404
2.0,16.0,206.2808594600656,890.0170017101374
2.0,16.5,204.51179827568643,888.7130085962752
2.0,17.0,202.79194705846447,887.4477335843249
2.0,17.5,201.1188258173833,886.2196821567886
2.0,18.0,199.49012541944165,885.027442250559
2.0,18.5,197.903693724062,883.869677904148
2.0,19.0,196.357522876514,882.7451236790258
2.0,19.5,194.84973768761571,881.6525842709176
2.0,20.0,193.3785850216256,880.5909222032167
2.5,0.5,261.84213452253937,950.1307943075254
2.5,1.0,273.197668997256,958.5961290771492
2.5,1.5,277.78139173277515,959.9607179123832
2.5,2.0,278.5629186346804,958.9557921700856
2.5,2.5,277.2565889883887,957.006203999313
2.5,3.0,274.7991608245494,954.6467208732588
2.5,3.5,271.7117873793113,952.1148667990012
2.5,4.0,268.2942823722909,949.527641875894
2.5,4.5,264.72446700105706,946.946070949689
2.5,5.0,261.1101324057808,944.4027610327646
2.5,5.5,257.5173386678807,941.9150495849668
2.5,6.0,253.986488293472,939.4917697779296
2.5,6.5,250.541814549872,937.1369114104888
2.5,7.0,247.1971738825424,934.8516725699518
2.5,7.5,243.959684051377,932.6356450563478
2.5,8.0,240.83206352877545,930.4875085437068
2.5,8.5,237.814164495296,928.4054405243336
2.5,9.0,234.9039922272356,926.3873598280992
2.5,9.5,232.09839020220795,924.4310758117324
2.5,10.0,229.39350365300257,922.5343709046176
2.5,10.5,226.78509407315696,920.6950524116104
2.5,11.0,224.2687522392944,918.91098452811
2.5,11.5,221.8400414909572,917.1800997935924
2.5,12.0,219.4945927579556,915.5004094494934
2.5,12.5,217.22816606308925,913.8700070732688
2.5,13.0,215.03668869575708,912.2870671587972
2.5,13.5,212.91627717197744,910.7498453412557
2.5,14.0,210.86324797827547,909.2566756571584
2.5,14.5,208.87412062549487,907.8059667981656
2.5,15.0,206.9456155075817,906.3961998590742
2.5,15.5,205.07464833279133,905.0259247772524
2.5,16.0,203.2583223782604,903.6937577388894
2.5,16.5,201.4939194505432,902.3983778160472
2.5,17.0,199.77889017113512,901.1385231210668
2.5,17.5,198.110844016974,899.9129898239092
2.5,18.0,196.48753941023543,898.7206264432281
2.5,18.5,194.9068740543892,897.560334788112
2.5,19.0,193.36687564379704,896.4310641801382
2.5,19.5,191.86569302443505,895.3318107921305
2.5,20.0,190.4015878481357,894.2616150136065
3.0,0.5,247.6844160691852,954.1856865133466
3.0,1.0,258.869897759286,963.8243306238286
3.0,1.5,264.4770454111421,966.3448532615602
3.0,2.0,266.5502615514959,966.2429931344296
3.0,2.5,266.46963172364326,965.0242069686892
3.0,3.0,265.08220490261056,963.277704035087
3.0,3.5,262.90156632670323,961.2716262972972
3.0,4.0,260.2441406006768,959.1422416688432
3.0,4.5,257.3093515206243,956.963951972582
3.0,5.0,254.2255346317772,954.7791741212887
3.0,5.5,251.0766009414311,952.6126353353934
3.0,6.0,247.9179431580854,950.478821380418
3.0,6.5,244.786210413614,948.3861079209576
3.0,7.0,241.70548909690797,946.3391491612244
3.0,7.5,238.69131384911125,944.3403052993214
3.0,8.0,235.75333047017853,942.3905114433444
3.0,8.5,232.8970987823132,940.489815199791
3.0,9.0,230.12533350161004,938.6377197804272
3.0,9.5,227.4387699682455,936.8333934396536
3.0,10.0,224.8367747357904,935.0758084153584
3.0,10.5,222.31777979962047,933.3638252876996
3.0,11.0,219.8795932162257,931.6962481258078
3.0,11.5,217.51962206452444,930.071860895798
3.0,12.0,215.2350326346333,928.48944609143
3.0,12.5,213.0228653061583,926.9478006757678
3.0,13.0,210.880116514942,925.445743537869
3.0,13.5,208.80379670231477,923.982122460002
3.0,14.0,206.79097068252207,922.55581485666
3.0,14.5,204.838785119462,921.1657304837016
3.0,15.0,202.94448655319388,919.8108114832364
3.0,15.5,201.10543251197905,918.490033093008
3.0,16.0,199.31909758610436,917.2024033636892
3.0,16.5,197.583075855696,915.9469621213016
3.0,17.0,195.8950807074247,914.7227820476876
3.0,17.5,194.2529428099564,913.528965635686
3.0,18.0,192.65460682056303,912.3646446655468
3.0,18.5,191.09812724776364,911.2289825771554
3.0,19.0,189.5816637842992,910.1211696998693
3.0,19.5,188.1034763417357,909.0404248631984
3.0,20.0,186.6619199556104,907.985993172836
3.5,0.5,233.9294105241206,958.6829196576808
3.5,1.0,244.68032825198588,969.08725371357
3.5,1.5,250.8525559269916,972.5092884187806
3.5,2.0,253.8523510931768,973.1385618243436
3.5,2.5,254.75686150194736,972.5209059191296
3.5,3.0,254.2954393163049,971.2884686021564
3.5,3.5,252.9447933941125,969.7336687451271
3.5,4.0,251.0163066308789,968.0068578307176
3.5,4.5,248.71601690973776,966.1916186851532
3.5,5.0,246.18249487641413,964.33694149271
3.5,5.5,243.510359171585,962.4725327534404
3.5,6.0,240.7650033695936,960.61674673777
3.5,6.5,237.99199232706584,958.7810049574266
3.5,7.0,235.2231889296448,956.9723842909572
3.5,7.5,232.48083682520712,955.195189835132
3.5,8.0,229.78033728432865,953.4519371634352
3.5,8.5,227.1321732342496,951.743981150055
3.5,9.0,224.54326446941295,950.0719192696952
3.5,9.5,222.01793593942827,948.4358538776834
3.5,10.0,219.55861808143112,946.8355701416062
3.5,10.5,217.16635856329637,945.2706456362332
3.5,11.0,214.84119937567124,943.7405296976282
3.5,11.5,212.58245656089483,942.2445916429856
3.5,12.0,210.3889287612651,940.7821543660187
3.5,12.5,208.25905323167777,939.3525150552596
3.5,13.0,206.19102276258036,937.954960054946
3.5,13.5,204.1828733191557,936.5887737366072
3.5,14.0,202.2325496191749,935.2532444622108
3.5,14.5,200.3379540155496,933.9476698791954
3.5,15.0,198.4969827006593,932.6713557911204
3.5,15.5,196.70755225949,931.4236215070442
3.5,16.0,194.9676188654615,930.2037983494351
3.5,16.5,193.27519186559488,929.0112326572788
3.5,17.0,191.62834309032007,927.8452836957538
3.5,17.5,190.02521291211295,926.7053242388218
3.5,18.0,188.46401384055525,925.5907420812832
3.5,18.5,186.9430322606197,924.5009395670048
3.5,19.0,185.46062878227636,923.4353309609816
3.5,19.5,184.0152375626887,922.3933472011892
3.5,20.0,182.6053648797725,921.374431776114
4.0,0.5,221.1084466891808,963.4712914623576
4.0,1.0,231.3241498040344,974.3641564261372
4.0,1.5,237.76426498936587,978.4921231653068
4.0,2.0,241.40201551923465,979.7158610735736
4.0,2.5,243.0676481768317,979.589825024622
4.0,3.0,243.37184693238527,978.7802655227084
4.0,3.5,242.74124951472572,977.601050456802
4.0,4.0,241.46948916336083,976.2144517992429
4.0,4.5,239.75926572589668,974.7111313243948
4.0,5.0,237.7519582248165,973.1447785454362
4.0,5.5,235.54738795347035,971.5485020595476
4.0,6.0,233.21684855151287,969.943278442198
4.0,6.5,230.81174515124945,968.3426058221822
4.0,7.0,228.36939898208252,966.7552236633678
4.0,7.5,225.91701145700569,965.1867780642172
4.0,8.0,223.47441751962825,963.6408734850444
4.0,8.5,221.05602963984305,962.119754779744
4.0,9.0,218.6722314871346,960.6247551374702
4.0,9.5,216.33039103391155,959.1565959176676
4.0,10.0,214.03560618726317,957.7155873006272
4.0,10.5,211.7912595683179,956.3017660687392
4.0,11.0,209.59943519740364,954.9149856575026
4.0,11.5,207.46123398338383,953.5549811597542
4.0,12.0,205.3770142050526,952.2214115916968
4.0,12.5,203.34657582683136,950.9138862335844
4.0,13.0,201.36930237787743,949.6319861101884
4.0,13.5,199.44427051409977,948.375276719172
4.0,14.0,197.5703348004241,947.1433144020764
4.0,14.5,195.74619338051912,945.9356538039008
4.0,15.0,193.97043883117655,944.7518503255942
4.0,15.5,192.24159748428124,943.5914624780268
4.0,16.0,190.5581597412025,942.4540532478524
4.0,16.5,188.9186033328108,941.3391909580918
4.0,17.0,187.3214110439208,940.2464495501124
4.0,17.5,185.76508408846823,939.1754098634668
4.0,18.0,184.24815206563537,938.1256567828876
4.0,18.5,182.7691802287383,937.0967831376056
4.0,19.0,181.3267746442325,936.088387454404
4.0,19.5,179.91958569736903,935.1000738768028
4.0,20.0,178.54631030616565,934.1314543188904
4.5,0.5,209.44171148047988,968.3755231095176
4.5,1.0,219.0993566638289,979.5644686451902
4.5,1.5,225.62036126912145,984.2484528784448
4.5,2.0,229.68138761822803,985.9608320673668
4.5,2.5,231.92099867497717,986.2400079547124
4.5,3.0,232.8425869338923,985.7777821704524
4.5,3.5,232.81921818007612,984.9076117590002
4.5,4.0,232.12018193609896,983.8030384996108
4.5,4.5,230.9386668926317,982.5610488723956
4.5,5.0,229.41382432512728,981.2391390754748
4.5,5.5,227.64672123406316,979.8729591917872
4.5,6.0,225.7114632942965,978.4853291175187
4.5,6.5,223.6628784144996,977.09116726855
4.5,7.0,221.5418434921587,975.7003506693808
4.5,7.5,219.37901337341123,974.3194446868696
4.5,8.0,217.19746399725776,972.9528013021336
4.5,8.5,215.01459110661463,971.6032709033364
4.5,9.0,212.8434924476743,970.2726821107284
4.5,9.5,210.6939868103359,968.9621629753964
4.5,10.0,208.5733742345746,967.6723611066566
4.5,10.5,206.4870092554011,966.4035956780774
4.5,11.0,204.43873736210816,965.155963795527
4.5,11.5,202.43123017008287,963.9294127863334
4.5,12.0,200.4662447492474,962.7237905758186
4.5,12.5,198.5448255770172,961.5388818949511
4.5,13.0,196.6674626809624,960.374431204366
4.5,13.5,194.83421604742625,959.230158000657
4.5,14.0,193.04481385922173,958.1057702376896
4.5,14.5,191.2987302941496,957.0009694121936
4.5,15.0,189.59524726668377,955.9154551879304
4.5,15.5,187.9335034905375,954.8489293143764
4.5,16.0,186.3125334845455,953.801096405535
4.5,16.5,184.7312985713293,952.7716646918844
4.5,17.0,183.18871147991783,951.7603470519304
4.5,17.5,181.68365582561503,950.7668602380752
4.5,18.0,180.2150014781321,949.7909258495253
4.5,18.5,178.78161662408826,948.8322685416936
4.5,19.0,177.38237716896606,947.8906172296806
4.5,19.5,176.0161739964201,946.965704042236
4.5,20.0,174.68191850188714,946.0572650063837
5.0,0.5,198.97279137278707,973.2446675037842
5.0,1.0,208.08554725501233,984.5932439595632
5.0,1.5,214.571906888163,989.7176128416586
5.0,2.0,218.9008974166362,991.836810676551
5.0,2.5,221.5654426487703,992.4548381274184
5.0,3.0,222.97728207328365,992.2804970889104
5.0,3.5,223.45780936893613,991.6648107310122
5.0,4.0,223.2493343458758,990.7924123009071
5.0,4.5,222.53199648719712,989.766579230688
5.0,5.0,221.43943975579535,988.6483878484862
5.0,5.5,220.0712208210138,987.4756577359612
5.0,6.0,218.5020103510142,986.2726501997558
5.0,6.5,216.78823908555938,985.0553228175124
5.0,7.0,214.97286286935977,983.8343451971222
5.0,7.5,213.08878677284812,982.6169172771948
5.0,8.0,211.1613435160046,981.407903255942
5.0,8.5,209.21010483599554,980.2105710495599
5.0,9.0,207.2502195761287,979.0270867355086
5.0,9.5,205.29341298842746,977.8588491177892
5.0,10.0,203.3487409935506,976.7067250695936
5.0,10.5,201.42316524326498,975.5712097067343
5.0,11.0,199.52199567806366,974.4525434130616
5.0,11.5,197.64923403951508,973.350791671398
5.0,12.0,195.80784257591864,972.2659019828503
5.0,12.5,193.99995569217555,971.197744530717
5.0,13.0,192.22704768322694,970.1461405061515
5.0,13.5,190.49006637790396,969.1108809378385
5.0,14.0,188.78954011554777,968.0917418636452
5.0,14.5,187.12566371422693,967.0884908062712
5.0,15.0,185.498367782876,966.1008952563824
5.0,15.5,183.90737475225944,965.1287247207493
5.0,16.0,182.352244261631,964.1717534635086
5.0,16.5,180.83240997568805,963.2297618263843
5.0,17.0,179.34720947449122,962.3025359266967
5.0,17.5,177.89590852457138,961.3898686505186
5.0,18.0,176.47772077860702,960.4915580872588
5.0,18.5,175.0918237462118,959.6074083940529
5.0,19.0,173.73737171651695,958.7372276104771
5.0,19.5,172.41350618457946,957.8808290081507
5.0,20.0,171.11936423086263,957.0380291507408
5.5,0.5,189.6517344854691,977.9651616295299
5.5,1.0,198.2484446846883,989.3749493526936
5.5,1.5,204.63011957775922,994.8496976134105
5.5,2.0,209.1162208979067,997.3119367016058
5.5,2.5,212.08973132157269,998.2182755813878
5.5,3.0,213.88656859095335,998.2863566860838
5.5,3.5,214.78105363334112,997.8822446626667
5.5,4.0,214.98835142483063,997.2014136204667
5.5,4.5,214.67381395532624,996.3536537329377
5.5,5.0,213.9635530097311,995.4037623196541
5.5,5.5,212.95374300809038,994.3917045834025
5.5,6.0,211.71801121177714,993.343046712744
5.5,6.5,210.3130432466639,992.2746042911538
5.5,7.0,208.78275141606997,991.1976563442037
5.5,7.5,207.16135545039543,990.1198583006116
5.5,8.0,205.47566257342697,989.0464356267934
5.5,8.5,203.74676421847167,987.9809466366897
5.5,9.0,201.99130831022697,986.9257894155481
5.5,9.5,200.22246158643523,985.8825498120151
5.5,10.0,198.45064406673853,984.8522399319955
5.5,10.5,196.68409465898515,983.8354688375248
5.5,11.0,194.92931050124275,982.8325637392942
5.5,11.5,193.19139101959553,981.8436545471482
5.5,12.0,191.47430941826454,980.868737715376
5.5,12.5,189.78112840660174,979.9077188121278
5.5,13.0,188.11417270711885,978.9604473259506
5.5,13.5,186.47516779364713,978.0267352686005
5.5,14.0,184.86535204102336,977.1063767400199
5.5,14.5,183.2855677916122,976.199155820137
5.5,15.0,181.73633559430496,975.3048569657457
5.5,15.5,180.21791493173026,974.4232672374176
5.5,16.0,178.73035403850383,973.554181151089
5.5,16.5,177.273530868085,972.6974014810511
5.5,17.0,175.84718684547536,971.852740102308
5.5,17.5,174.45095471645084,971.0200185191221
5.5,18.0,173.08438154852934,970.1990664631932
5.5,18.5,171.7469477375644,969.3897228517818
5.5,19.0,170.43808271423637,968.5918343129322
5.5,19.5,169.15717791736841,967.8052539544019
5.5,20.0,167.90359749882646,967.0298412802797
6.0,0.5,181.3844469812537,982.4597749178304
6.0,1.0,189.4997066130303,993.8588813170725
6.0,1.5,195.73547354171694,999.6132298269391
6.0,2.0,200.30013585328823,1002.3681766855586
6.0,2.5,203.4934402330823,1003.5242340459467
6.0,3.0,205.58970623209714,1003.8005234372223
6.0,3.5,206.8218466117898,1003.5752000078043
6.0,4.0,207.3791797452168,1003.0540067846547
6.0,4.5,207.41174284379503,1002.3534511748876
6.0,5.0,207.0369842386214,1001.5423343075014
6.0,5.5,206.34647146546897,1000.662942629142
6.0,6.0,205.4116557896758,999.7421994767343
6.0,6.5,204.28848780748535,998.7977473343559
6.0,7.0,203.02098897198033,997.8414030287979
6.0,7.5,201.64397281196267,996.8811958837326
6.0,8.0,200.1851076516748,995.9226240724
6.0,8.5,198.6664813679236,994.9694558025296
6.0,9.0,197.10579334602085,994.0242569596294
6.0,9.5,195.5172679878868,993.0887433021209
6.0,10.0,193.91235979632376,992.1640295745407
6.0,10.5,192.3003016970831,991.250801802517
6.0,11.0,190.68853470212105,990.3494416836818
6.0,11.5,189.08304710424738,989.4601180625945
6.0,12.0,187.48864416661448,988.582849963629
6.0,12.5,185.90916399612368,987.7175558017196
6.0,13.0,184.3476514262121,986.8640862268311
6.0,13.5,182.806498889389,986.0222511186294
6.0,14.0,181.2875611517038,985.1918359988389
6.0,14.5,179.7922492084656,984.3726154348795
6.0,15.0,178.32160745858096,983.5643619443953
6.0,15.5,176.87637738013257,982.7668518206751
6.0,16.0,175.45705024743592,981.9798701156859
6.0,16.5,174.06391090555488,981.2032111268966
6.0,17.0,172.69707421253227,980.4366813014758
6.0,17.5,171.35651544339026,979.6800991716904
6.0,18.0,170.0420957018003,978.9332953948076
6.0,18.5,168.7535831893037,978.1961122495422
6.0,19.0,167.49067102611428,977.4684028757956
6.0,19.5,166.25299219290207,976.7500308039553
6.0,20.0,165.04013206268786,976.0408683620035
6.5,0.5,174.06085511921543,986.6814722226561
6.5,1.0,181.7302081365152,998.0169519988735
6.5,1.5,187.7970935482843,1003.9946343821523
6.5,2.0,192.38493546043085,1007.0019778656571
6.5,2.5,195.72988406603884,1008.3779713818893
6.5,3.0,198.05667872155448,1008.8368952400383
6.5,3.5,199.5626147549018,1008.7658310831356
6.5,4.0,200.41325009609193,1008.3798624550013
6.5,4.5,200.74357299113356,1007.8022446688638
6.5,5.0,200.66187138039078,1007.1060659489269
6.5,5.5,200.2543581648577,1006.3361898871041
6.5,6.0,199.58953263592616,1005.5210599163947
6.5,6.5,198.72189144182818,1004.6792227961696
6.5,7.0,197.69492830276488,1003.8230468439818
6.5,7.5,196.5434962860469,1002.9609174287898
6.5,8.0,195.29564521592064,1002.0985755460408
6.5,8.5,193.97404454140215,1001.2399606680752
6.5,9.0,192.59708555945238,1000.387765784765
6.5,9.5,191.17973798301765,999.5438058862634
6.5,10.0,189.7342188647568,998.7092706289272
6.5,10.5,188.270518043181,997.8849013934397
6.5,11.0,186.7968135014398,997.0711197760866
6.5,11.5,185.31980183744753,996.2681193765986
6.5,12.0,183.84496289075605,995.4759312008681
6.5,12.5,182.37677297226492,994.6944761077996
6.5,13.0,180.9188777077785,993.9235991953682
6.5,13.5,179.47423293602253,993.1630964142641
6.5,14.0,178.04522017150217,992.412736257881
6.5,14.5,176.6337416862331,991.6722715456414
6.5,15.0,175.24129915963277,990.9414514332626
6.5,15.5,173.8690590028759,990.2200283160674
6.5,16.0,172.51790681681535,989.5077612516243
6.5,16.5,171.18849294254113,988.8044212425953
6.5,17.0,169.8812706748588,988.1097921881383
6.5,17.5,168.5965284047531,987.4236718250936
6.5,18.0,167.33441671737438,986.7458723466702
6.5,18.5,166.0949712823197,986.0762199226033
6.5,19.0,164.87813222174412,985.4145547190367
6.5,19.5,163.68376052060887,984.7607299158351
6.5,20.0,162.51165194564834,984.1146103569309
7.0,0.5,167.57013993538354,990.6064163677939
7.0,1.0,174.8278288242651,1001.8391266934685
7.0,1.5,180.7144211463138,1007.994904505334
7.0,2.0,185.28660054469415,1011.2218416344932
7.0,2.5,188.73127320662002,1012.7943937774862
7.0,3.0,191.2334010853078,1013.416805249002
7.0,3.5,192.9600817187316,1013.481923142974
7.0,4.0,194.055543715559,1013.212949422879
7.0,4.5,194.64048666977936,1012.7396939756512
7.0,5.0,194.8139854686213,1012.1397220546111
7.0,5.5,194.65650307659743,1011.4607330446482
7.0,6.0,194.2330810316388,1010.73290203239
7.0,6.5,193.59625062866508,1009.9758177058495
7.0,7.0,192.78850294284064,1009.2024793911344
7.0,7.5,191.84430526003575,1008.4216609229514
7.0,8.0,190.7917137857703,1007.6393515107759
7.0,8.5,189.65365047653054,1006.8596595257632
7.0,9.0,188.44891006840822,1006.0853920110862
7.0,9.5,187.19295434774193,1005.3184468298308
7.0,10.0,185.89854016069208,1004.5600736979626
7.0,10.5,184.5762179358418,1003.8110596736042
7.0,11.0,183.23472934358333,1003.0718575789119
7.0,11.5,181.88132619823244,1002.3426795838365
7.0,12.0,180.5220276260788,1001.6235674076152
7.0,12.5,179.16182861192894,1000.9144413471788
7.0,13.0,177.80487004767284,1000.2151396498078
7.0,13.5,176.45457812718,999.525445416364
7.0,14.0,175.1137791932183,998.8451073797906
7.0,14.5,173.78479481296858,998.1738562444182
7.0,15.0,172.46952083919984,997.5114149230651
7.0,15.5,171.16949342885673,996.8575069992996
7.0,16.0,169.88594438304142,996.2118634714011
7.0,16.5,168.61984769958076,995.574224387038
7.0,17.0,167.3719588596445,994.9443445525469
7.0,17.5,166.14284807915456,994.3219931199897
7.0,18.0,164.93292852586902,993.7069542718314
7.0,18.5,163.74248032029172,993.0990286292986
7.0,19.0,162.5716709924925,992.498031714176
7.0,19.5,161.42057294953395,991.9037943961067
7.0,20.0,160.28917841337855,991.3161622402627
7.5,0.5,161.80835612097528,994.2275638715525
7.5,1.0,168.6863538198858,1005.328581664642
7.5,1.5,174.38855262810733,1011.6256630498943
7.5,2.0,178.91802919757583,1015.0450533011153
7.5,2.5,182.42294039512404,1016.7954101613084
7.5,3.0,185.05630051354996,1017.5668187009926
7.5,3.5,186.959831576751,1017.754915840394
7.5,4.0,188.25892918210567,1017.5896043153921
7.5,4.5,189.06104692614537,1017.2068378330808
7.5,5.0,189.45629654504762,1016.68871574518
7.5,5.5,189.51925475111122,1016.0859813541524
7.5,6.0,189.31120562182,1015.430752308644
7.5,6.5,188.88236465759394,1014.7438277267668
7.5,7.0,188.27387181624061,1014.0389506660413
7.5,7.5,187.51948416707285,1013.3253545790112
7.5,8.0,186.64697112973744,1012.6093166204541
7.5,8.5,185.67924575825953,1011.895128096495
7.5,9.0,184.6352743107083,1011.1857211574657
7.5,9.5,183.53080508577352,1010.483075131639
7.5,10.0,182.37895234243268,1009.788498306898
7.5,10.5,181.19066501117814,1009.1028181938175
7.5,11.0,179.97510414665624,1008.4265162793196
7.5,11.5,178.73994812634152,1007.7598234465405
7.5,12.0,177.491640550179,1007.1027915480789
7.5,12.5,176.23559256566793,1006.4553430858218
7.5,13.0,174.9763488036072,1005.8173124188042
7.5,13.5,173.7177241295822,1005.1884719272083
7.5,14.0,172.46291687778253,1004.5685556173008
7.5,14.5,171.21460303948015,1003.9572745144009
7.5,15.0,169.9750149505055,1003.3543280333088
7.5,15.5,168.74600729937526,1002.7594146148542
7.5,16.0,167.52911271311675,1002.1722366942994
7.5,16.5,166.32558873509976,1001.592506114454
7.5,17.0,165.13645766054506,1001.0199470643913
7.5,17.5,163.96254041961373,1000.4542980710735
7.5,18.0,162.8044854788505,999.8953133555457
7.5,18.5,161.66279355678168,999.3427640984827
7.5,19.0,160.53783880910257,998.7964376394516
7.5,19.5,159.4298870257223,998.2561377011624
7.5,20.0,158.33911129027828,997.7216838270554
8.0,0.5,156.68171200957937,997.5493951212039
8.0,1.0,163.209396395177,1008.4974647212471
8.0,1.5,168.7276935757204,1014.9055839716577
8.0,2.0,173.19586191367065,1018.4945998328711
8.0,2.5,176.73102391657005,1020.4073331326668
8.0,3.0,179.46042344740246,1021.316555194103
8.0,3.5,181.50456385571746,1021.6180027217038
8.0,4.0,182.97240253077874,1021.5467763727371
8.0,4.5,183.9593241004491,1021.2443857820492
8.0,5.0,184.54692348370037,1020.7973801594322
8.0,5.5,184.80394200332594,1020.2596721034924
8.0,6.0,184.78776354530083,1019.6655053403033
8.0,6.5,184.54606326976545,1019.0370555809171
8.0,7.0,184.11838159118724,1018.3889410169751
8.0,7.5,183.53752104230395,1017.7309474681382
8.0,8.0,182.83073619891604,1017.0696992045783
8.0,8.5,182.02072358555654,1016.4097096495068
8.0,9.0,181.12643414942963,1015.7540539989682
8.0,9.5,180.16373537502676,1015.1048093629813
8.0,10.0,179.14594924408388,1014.4633478824554
8.0,10.5,178.08428918669853,1013.8305409633242
8.0,11.0,176.98821551467438,1013.2069003690797
8.0,11.5,175.86572531408638,1012.592677916735
8.0,12.0,174.72358969160757,1011.9879377308939
8.0,12.5,173.5675486912723,1011.392608826711
8.0,13.0,172.40247209995402,1010.8065245312155
8.0,13.5,171.23249267846109,1010.2294527913213
8.0,14.0,170.06111702005097,1009.661118257611
8.0,14.5,168.89131818305188,1009.1012166158489
8.0,15.0,167.72561341207836,1008.5494301757415
8.0,15.5,166.5661296059634,1008.0054367579527
8.0,16.0,165.41465867216016,1007.4689154861397
8.0,16.5,164.27270449708246,1006.9395528327973
8.0,17.0,163.14152293616542,1006.4170456890247
8.0,17.5,162.02215596801307,1005.9011057046803
8.0,18.0,160.91546094962234,1005.3914587204822
8.0,18.5,159.8221357432245,1004.8878471332523
8.0,19.0,158.7427403511513,1004.3900300177299
8.0,19.5,157.6777155865832,1003.8977827574289
8.0,20.0,156.62739921981762,1003.4108978791703
8.5,0.5,152.107474458276,1000.5838733547386
8.5,1.0,158.31161858140135,1011.36355710688
8.5,1.5,163.64934836317715,1017.8575425694403
8.5,2.0,168.04364602350202,1021.5966784020658
8.5,2.5,171.5863222298671,1023.6587600117922
8.5,3.0,174.38369174838277,1024.696913289386
8.5,3.5,176.5385488004349,1025.1046312527465
8.5,4.0,178.1456155556197,1025.1207122726025
8.5,4.5,179.2894189907355,1024.8915069955335
8.5,5.0,180.04360108811517,1024.5077999359132
8.5,5.5,180.47125004696827,1024.0267119395685
8.5,6.0,180.6258252420969,1023.4847442381515
8.5,6.5,180.5523355655393,1022.9055978126887
8.5,7.0,180.2885533427079,1022.304896753092
8.5,7.5,179.8661467276668,1021.693079921017
8.5,8.0,179.31167988992544,1021.077193182497
8.5,8.5,178.64746853096025,1020.4620226246027
8.5,9.0,177.89229775775425,1019.8508205277901
8.5,9.5,177.06201773763564,1019.2457807077495
8.5,10.0,176.17003493958893,1018.6483558645588
8.5,10.5,175.227716173899,1018.05947123246
8.5,11.0,174.24472077391925,1017.4796741676854
8.5,11.5,173.229274012194,1016.9092416246182
8.5,12.0,172.18839264084937,1016.3482545200333
8.5,12.5,171.12807147775862,1015.7966518368802
8.5,13.0,170.05343828268434,1015.2542726847033
8.5,13.5,168.96888277726802,1014.7208847164018
8.5,14.0,167.87816452927342,1014.196206656064
8.5,14.5,166.78450350655825,1013.679927403765
8.5,15.0,165.69065637192054,1013.1717175961189
8.5,15.5,164.59898100226283,1012.6712396507236
8.5,16.0,163.51149124558037,1012.1781558521421
8.5,16.5,162.42990355334612,1011.6921321603103
8.5,17.0,161.3556768246729,1011.2128447321394
8.5,17.5,160.29004655682556,1010.7399815379226
8.5,18.0,159.23405420198173,1010.2732443066571
8.5,18.5,158.1885724729514,1009.8123500995698
8.5,19.0,157.15432721321594,1009.3570325892852
8.5,19.5,156.1319163431138,1008.9070415768449
8.5,20.0,155.12182630952077,1008.4621433888748
9.0,0.5,148.0136457939646,1003.3474422469977
9.0,1.0,153.91855549468642,1013.9477581298415
9.0,1.5,159.0807622504563,1020.5064588648428
9.0,2.0,163.3929662289171,1024.3788033101807
9.0,2.5,166.9259616162621,1026.5789490329798
9.0,3.0,169.76891837218818,1027.7387272628696
9.0,3.5,172.00984398567428,1028.2474019413578
9.0,4.0,173.731196119713,1028.3460369151069
9.0,4.5,175.0078249452079,1028.1850370604075
9.0,5.0,175.9060433128562,1027.8591023374065
9.0,5.5,176.48355666470493,1027.4285099545739
9.0,6.0,176.78996320819195,1026.932095269765
9.0,6.5,176.86755646526433,1026.3952023190297
9.0,7.0,176.75223610895677,1025.834578643457
9.0,7.5,176.47440844586922,1025.2614163699811
9.0,8.0,176.05981454956546,1024.6832627505173
9.0,8.5,175.5302604162952,1024.1052346682711
9.0,9.0,174.90424440855875,1023.5308043328874
9.0,9.5,174.19748799329508,1022.9623113558226
9.0,10.0,173.4233804522572,1022.4013065575809
9.0,10.5,172.59334954884255,1021.8487840461826
9.0,11.0,171.71716972885392,1021.3053383951419
9.0,11.5,170.8032182601434,1020.7712782886953
9.0,12.0,169.85868829243014,1020.246707094715
9.0,12.5,168.88976640492166,1019.7315791578658
9.0,13.0,167.90178092460022,1019.2257423004664
9.0,13.5,166.89932618473674,1018.7289698427362
9.0,14.0,165.88636695518377,1018.2409818779128
9.0,14.5,164.86632649918303,1017.7614641463991
9.0,15.0,163.84216107497463,1017.2900811076194
9.0,15.5,162.8164231823715,1016.8264866259849
9.0,16.0,161.791315434223,1016.3703308293593
9.0,16.5,160.76873659238566,1015.921266199303
9.0,17.0,159.75032103230652,1015.478953166795
9.0,17.5,158.7374726771132,1015.0430615140995
9.0,18.0,157.73139426097578,1014.613273610501
9.0,18.5,156.73311263423085,1014.189286066474
9.0,19.0,155.7435007027183,1013.7708110056451
9.0,19.5,154.76329649566122,1013.357576459995
9.0,20.0,153.79311977598758,1012.9493262589723
9.5,0.5,144.3380659099498,1005.8588796067423
9.5,1.0,149.96577809985797,1016.2722867089387
9.5,1.5,154.95848153414445,1022.8777646314916
9.5,2.0,159.1834902557476,1026.8684653378268
9.5,2.5,162.69385271611657,1029.1966768684108
9.5,3.0,165.5645528555088,1030.4718358677924
9.5,3.5,167.87122289970853,1031.0773389904232
9.5,4.0,169.68578509440778,1031.2551943442056
9.5,4.5,171.07452394726812,1031.1590468276627
9.5,5.0,172.0970658886824,1030.8871145775256
9.5,5.5,172.80605876499294,1030.5027023272532
9.5,6.0,173.24736599879833,1030.0469964750628
9.5,6.5,173.46057575122006,1029.5470652587699
9.5,7.0,173.47966158929722,1029.0208763259097
9.5,7.5,173.33368322203927,1028.4804688961285
9.5,8.0,173.04746127101907,1027.9339682739696
9.5,8.5,172.64219243613775,1027.3868850011845
9.5,9.0,172.13599193102732,1026.842956534122
9.5,9.5,171.54436187510373,1026.3047037071144
9.5,10.0,170.88059045505176,1025.7738008388978
9.5,10.5,170.15608935339498,1025.2513262004834
9.5,11.0,169.38067768001858,1024.737935534829
9.5,11.5,168.5628203614522,1024.2339800514487
9.5,12.0,167.70982818847156,1023.739592236513
9.5,12.5,166.82802580111047,1023.2547474870804
9.5,13.0,165.9228929629142,1022.7793088417963
9.5,13.5,164.99918362089886,1022.3130583829361
9.5,14.0,164.06102649519465,1021.8557226084306
9.5,14.5,163.112010298891,1021.4069895086187
9.5,15.0,162.1552561480841,1020.9665231292842
9.5,15.5,161.19347927317835,1020.5339729879121
9.5,16.0,160.22904177225897,1020.1089832407254
9.5,16.5,159.2639978433218,1019.6911985943049
9.5,17.0,158.30013268306607,1019.2802677126161
9.5,17.5,157.33899603605127,1018.8758480511441
9.5,18.0,156.38193121108674,1018.4776081327375
9.5,18.5,155.4301002449181,1018.0852293926691
9.5,19.0,154.48450578099408,1017.6984066451291
9.5,19.5,153.54601013876473,1017.3168498963694
9.5,20.0,152.61535197286673,1016.9402845600489
10.0,0.5,141.02730006361975,1008.1378994683193
10.0,1.0,146.39779760434965,1018.3595288352558
10.0,1.5,151.22751575377197,1024.9964442201833
10.0,2.0,155.36247415474026,1029.092310186833
10.0,2.5,158.84050743487546,1031.5395561126857
10.0,3.0,161.7247326280251,1032.9245586256477
10.0,3.5,164.08038522173555,1033.6235253722052
10.0,4.0,165.970348437249,1033.8782259648933
10.0,4.5,167.45336129725703,1033.844738133019
10.0,5.0,168.58299723778953,1033.6243514565158
10.0,5.5,169.40720126092745,1033.2832069548274
10.0,6.0,169.9682717818911,1032.8648040232176
10.0,6.5,170.3031462082796,1032.3979748823954
10.0,7.0,170.44385903798982,1031.9019824225365
10.0,7.5,170.41807344719683,1031.3897901769142
10.0,8.0,170.24962150748746,1030.870175528007
10.0,8.5,169.95901547366375,1030.3491018063974
10.0,9.0,169.56391149907475,1029.83062180728
10.0,9.5,169.07951904054732,1029.3174737615138
10.0,10.0,168.5189561013342,1028.811483496497
10.0,10.5,167.89355406248572,1028.3138353243824
10.0,11.0,167.2131174421476,1027.8252590249201
10.0,11.5,166.4861443499711,1027.3461604641916
10.0,12.0,165.7200132076733,1026.87671136478
10.0,12.5,164.9211408107506,1026.4169151250567
10.0,13.0,164.09511619719186,1025.9666547457184
10.0,13.5,163.24681416876743,1025.5257276048721
10.0,14.0,162.3804917305893,1025.0938696708183
10.0,14.5,161.49987019748852,1024.6707760923678
10.0,15.0,160.60820526755606,1024.2561142872592
10.0,15.5,159.70834698176506,1023.8495354320456
10.0,16.0,158.8027911677996,1023.4506815626538
10.0,16.5,157.8937236984933,1023.0591935457135
10.0,17.0,156.98305867291276,1022.6747147335494
10.0,17.5,156.07247144396416,1022.2968947933637
10.0,18.0,155.1634272640931,1021.9253924572591
10.0,18.5,154.25720619472776,1021.5598781419326
10.0,19.0,153.3549248209675,1021.2000350230094
10.0,19.5,152.45755522678755,1020.8455593478734
10.0,20.0,151.56594161452676,1020.4961620910158
10.5,0.5,138.03550300572277,1010.2041650892895
10.5,1.0,143.16692454870153,1020.2312341856974
10.5,1.5,147.84036532731423,1026.8863752341097
10.5,2.0,151.8840333646402,1031.075579487935
10.5,2.5,155.32254542501872,1033.6335743195623
10.5,3.0,158.20897717794298,1035.1233496712678
10.5,3.5,160.5997854492833,1035.9128829162073
10.5,4.0,162.55009682458683,1036.242667355881
10.5,4.5,164.11202503922496,1036.2704444564754
10.5,5.0,165.33369622001726,1036.1001004209763
10.5,5.5,166.25871820744965,1035.8003742413396
10.5,6.0,166.9260220688028,1035.4169927055407
10.5,6.5,167.36998177282368,1034.9805564658598
10.5,7.0,167.62071142590395,1034.5116686136998
10.5,7.5,167.70445595544874,1034.0242810585748
10.5,8.0,167.6440150232778,1033.5278848985188
10.5,8.5,167.45916178911438,1033.0289543642155
10.5,9.0,167.16703472059547,1032.5319030636456
10.5,9.5,166.78249193800588,1032.0397262175898
10.5,10.0,166.3184246779615,1031.554430600706
10.5,10.5,165.7860305882518,1031.0773289597685
10.5,11.0,165.1950497429928,1030.6092437256361
10.5,11.5,164.55396723267438,1030.1506468042928
10.5,12.0,163.87018643697428,1029.7017591036342
10.5,12.5,163.15017694978695,1029.2626209087273
10.5,13.0,162.3996007931035,1028.8331417498216
10.5,13.5,161.6234201458732,1028.4131382396984
10.5,14.0,160.8259893915788,1028.0023619323883
10.5,14.5,160.01113388856325,1027.6005185986692
10.5,15.0,159.18221750625196,1027.2072829787417
10.5,15.5,158.3422006537841,1026.822311284714
10.5,16.0,157.49369025486868,1026.4452483822154
10.5,16.5,156.6389828906988,1026.075735085888
10.5,17.0,155.78010213699133,1025.7134130304278
10.5,17.5,154.9188309569197,1025.3579284530836
10.5,18.0,154.05673987424646,1025.0089353188337
10.5,18.5,153.19521153619567,1024.6660968208635
10.5,19.0,152.33546217985196,1024.3290877118466
10.5,19.5,151.47856043598256,1023.9975953155259
10.5,20.0,150.62544383749045,1023.6713203522511
11.0,0.5,135.323353295515,1012.0766657450225
11.0,1.0,140.23218825799512,1021.9080257599059
11.0,1.5,144.75605189040297,1028.5699479094358
11.0,2.0,148.708346637825,1032.8418035159143
11.0,2.5,152.1020757266208,1035.5028557739254
11.0,3.0,154.98171885843428,1037.0926414666392
11.0,3.5,157.39627573358516,1037.9701077575035
11.0,4.0,159.39420770549222,1038.3735802448127
11.0,4.5,161.02182244359233,1038.461746958913
11.0,5.0,162.32236548774313,1038.3406126819884
11.0,5.5,163.33547070602737,1038.0812413358176
11.0,6.0,164.09691528841438,1037.7314641837222
11.0,6.5,164.6386201010745,1037.3236187599327
11.0,7.0,164.98882178056954,1036.879669531812
11.0,7.5,165.17234794026274,1036.4146000417322
11.0,8.0,165.21094198287116,1035.9386672260798
11.0,8.5,165.12360053755395,1035.4589057921492
11.0,9.0,164.9269004165684,1034.9801362316723
11.0,9.5,164.63530219667447,1034.5056465461087
11.0,10.0,164.26142442134358,1034.0376548991737
11.0,10.5,163.81628675547762,1033.5776269739556
11.0,11.0,163.30952296231771,1033.1264959105754
11.0,11.5,162.74956592088134,1032.6848144250216
11.0,12.0,162.1438075027461,1032.2528631245766
11.0,12.5,161.49873627987873,1031.830727034007
11.0,13.0,160.82005593641497,1031.4183501646744
11.0,13.5,160.11278702988454,1031.015574959449
11.0,14.0,159.38135446586,1030.62217169507
11.0,14.5,158.62966275760132,1030.23786136752
11.0,15.0,157.8611608625483,1029.862330069071
11.0,15.5,157.07889813207683,1029.495241971582
11.0,16.0,156.2855726843055,1029.136248031973
11.0,16.5,155.4835733124072,1028.784993147328
11.0,17.0,154.6750158712193,1028.441120662047
11.0,17.5,153.86177494031529,1028.1042767514216
11.0,18.0,153.04551143911635,1027.774113497423
11.0,18.5,152.22769676610767,1027.450291200633
11.0,19.0,151.40963394702396,1027.1324803572168
11.0,19.5,150.5924762034857,1026.8203623481597
11.0,20.0,149.77724329185597,1026.513630437715
11.5,0.5,132.8570978394352,1013.7733437095111
11.5,1.0,137.55836284917766,1023.4091295416135
11.5,1.5,141.93921759998778,1030.0678712877443
11.5,2.0,145.80087981636635,1034.4126619373806
11.5,2.5,149.1460548411973,1037.1695701439928
11.5,3.0,152.01177904917512,1038.8548110926358
11.5,3.5,154.44067453505477,1039.8177062404359
11.5,4.0,156.47546185976236,1040.293660363854
11.5,4.5,158.15736485785357,1040.4416551547051
11.5,5.0,159.52527026154175,1040.369345488466
11.5,5.5,160.61518935915242,1040.1498288411528
11.5,6.0,161.45996552924322,1039.8328870989667
11.5,6.5,162.08919208243216,1039.4525348035224
11.5,7.0,162.52928918466517,1039.0320931415356
11.5,7.5,162.8036859949339,1038.5876038904676
11.5,8.0,162.9330622119565,1038.1301289892344
11.5,8.5,162.93561492622499,1037.6673046931871
11.5,9.0,162.82732777492708,1037.2043987350412
11.5,9.5,162.62222825452181,1036.745026990216
11.5,10.0,162.33262543900904,1036.2916486986928
11.5,10.5,161.96932464736972,1035.8459066093267
11.5,11.0,161.54181831409306,1035.408863652692
11.5,11.5,161.05845391349732,1034.981168644281
11.5,12.0,160.52658064302236,1034.5631738687566
11.5,12.5,159.9526769521537,1034.1550181794978
11.5,13.0,159.3424610974461,1033.7566866729555
11.5,13.5,158.7009868328024,1033.3680540626733
11.5,14.0,158.03272618616904,1032.9889153410566
11.5,14.5,157.34164107762842,1032.6190098977186
11.5,15.0,156.6312453283806,1032.2580387372645
11.5,15.5,155.90465841157717,1031.905678094853
11.5,16.0,155.1646521128009,1031.5615874903922
11.5,16.5,154.41369110378773,1031.2254182568904
11.5,17.0,153.65396828857268,1030.8968185605934
11.5,17.5,152.88743565585233,1030.5754381044203
11.5,18.0,152.11583126345454,1030.2609300757617
11.5,18.5,151.34070288851797,1029.9529546789743
11.5,19.0,150.56342879837095,1029.6511808557739
11.5,19.5,149.7852360303212,1029.3552873791434
11.5,20.0,149.00721651192325,1029.0649639983512
12.0,0.5,130.60771775272937,1015.3108969671164
12.0,1.0,135.1151140236679,1024.752250528948
12.0,1.5,139.35932050264452,1031.39911129653
12.0,2.0,143.13167096592602,1035.8079588490991
12.0,2.5,146.42567358378804,1038.6539394945905
12.0,3.0,149.27184833372965,1040.43022719406
12.0,3.5,151.70732274734036,1041.4760910095006
12.0,4.0,153.76985717948784,1042.0233899886537
12.0,4.5,155.49622371100767,1042.2308151536224
12.0,5.0,156.921424813932,1042.207223381189
12.0,5.5,158.0781826778846,1042.0274477134963
12.0,6.0,158.99662665888036,1041.7430455473595
12.0,6.5,159.70415705453723,1041.3896239439587
12.0,7.0,160.22545152985606,1040.9918351697565
12.0,7.5,160.58257356399633,1040.5667871610008
12.0,8.0,160.79514501479946,1040.1263729578684
12.0,8.5,160.88055245680295,1039.678864806025
12.0,9.0,160.8541653985419,1039.2300100808734
12.0,9.5,160.7295518733798,1038.7837853414242
12.0,10.0,160.51868260593773,1038.3429185711839
12.0,10.5,160.23211902840012,1037.9092528536298
12.0,11.0,159.87918315300502,1037.4840002783017
12.0,11.5,159.46810903762636,1037.0679216066276
12.0,12.0,159.00617660735557,1036.6614531830662
12.0,12.5,158.49982914750044,1036.264797878467
12.0,13.0,157.95477603048215,1035.8779890546964
12.0,13.5,157.37608229747116,1035.500939355383
12.0,14.0,156.7682466635716,1035.1334744064677
12.0,14.5,156.13526940389963,1034.7753564212398
12.0,15.0,155.48071143916096,1034.426305221913
12.0,15.5,154.80774579290878,1034.0860110502078
12.0,16.0,154.11920244991242,1033.7541457177222
12.0,16.5,153.4176075121174,1033.4303696814213
12.0,17.0,152.70521742836172,1033.1143384724858
12.0,17.5,151.9840489672007,1032.8057067064806
12.0,18.0,151.25590550861176,1032.5041320997632
12.0,18.5,150.52240014910845,1032.209277343446
12.0,19.0,149.78497604471676,1031.92081238943
12.0,19.5,149.04492435608765,1031.6384158502515
12.0,20.0,148.30340010850028,1031.3617760052443
12.5,0.5,128.55021189756923,1016.7046933624798
12.5,1.0,132.87626450635915,1025.9535469017014
12.5,1.5,136.98993216876127,1032.5809086228346
12.5,2.0,140.67469311150344,1037.0456706987884
12.5,2.5,143.91579709490128,1039.9743092293893
12.5,3.0,146.73800025092567,1041.8373458065012
12.5,3.5,149.17365960827527,1042.9637126585956
12.5,4.0,151.2562332493901,1043.5812098869
12.5,4.5,153.0185916823091,1043.847724559312
12.5,5.0,154.4922806546706,1043.8728967153454
12.5,5.5,155.70704512902836,1043.7329973248643
12.5,6.0,156.6905149767856,1043.4811716635627
12.5,6.5,157.46803615559057,1043.1545155807462
12.5,7.0,158.06262658028598,1042.778967948438
12.5,7.5,158.495027350193,1042.3726953090277
12.5,8.0,158.78381898961626,1041.948434947132
12.5,8.5,158.94557653363012,1041.5151192251253
12.5,9.0,158.99504334402891,1041.0790036965575
12.5,9.5,158.9453094601753,1040.6444526381026
12.5,10.0,158.80798520983745,1040.2144881076686
12.5,10.5,158.59336452808375,1039.7911757869238
12.5,11.0,158.31057507045097,1039.3758958367328
12.5,11.5,157.9677139774473,1038.9695366234057
12.5,12.0,157.5719692741579,1038.5726313234095
12.5,12.5,157.12972756078082,1038.1854562215829
12.5,13.0,156.64666901388478,1037.808102524264
12.5,13.5,156.1278508810101,1037.4405267571763
12.5,14.0,155.5777806879625,1037.0825889347864
12.5,14.5,155.00048033978703,1036.7340804270914
12.5,15.0,154.39954221665465,1036.394742900261
12.5,15.5,153.77817826643692,1036.0642843906082
12.5,16.0,153.1392629900551,1035.7423908535318
12.5,16.5,152.48537111180434,1035.4287347646355
12.5,17.0,151.81881062925598,1035.1229808099376
12.5,17.5,151.14165184824492,1034.8247913380917
12.5,18.0,150.45575292866454,1034.5338300929552
12.5,18.5,149.76278239630275,1034.2497644603388
12.5,19.0,149.06423901425137,1033.972267637272
12.5,19.5,148.36146935378397,1033.7010202924141
12.5,20.0,147.65568335817704,1033.435711754814
13.0,0.5,126.66298765084191,1017.9687666086542
13.0,1.0,130.81916832869953,1027.0276683384254
13.0,1.5,134.80813324695748,1033.6288504682204
13.0,2.0,138.40729726097217,1038.1420387383816
13.0,2.5,141.59446677762318,1041.1472539566478
13.0,3.0,144.38925154265226,1043.0928357603464
13.0,3.5,146.81983373716986,1044.2972071014444
13.0,4.0,148.91592331283155,1044.983699231808
13.0,4.5,150.70696619561457,1045.308946643044
13.0,5.0,152.22143378101381,1045.3829889014396
13.0,5.5,153.48638216131826,1045.2832448643687
13.0,6.0,154.5271475510269,1045.064253681904
13.0,6.5,155.36716063782515,1044.764483382021
13.0,7.0,156.02786772277926,1044.4110988010066
13.0,7.5,156.52873850534877,1044.0233029550081
13.0,8.0,156.88733704044176,1043.614679363515
13.0,8.5,157.11943394774005,1043.1948354440287
13.0,9.0,157.23914193600953,1042.7705560347104
13.0,9.5,157.25906123835642,1042.3466163504038
13.0,10.0,157.19042565249498,1041.9263552836092
13.0,10.5,157.04324317605142,1041.5120809171274
13.0,11.0,156.82642768753195,1041.1053595507688
13.0,11.5,156.5479198609819,1040.7072219835852
13.0,12.0,156.21479667069332,1040.3183110220339
13.0,12.5,155.8333695891471,1039.9389872548995
13.0,13.0,155.40927202945116,1039.569407525525
13.0,13.5,154.9475368274023,1039.209579233745
13.0,14.0,154.4526646673486,1038.8594031813582
13.0,14.5,153.92868437935482,1038.5187023316228
13.0,15.0,153.37920600659746,1038.187245134844
13.0,15.5,152.80746748411528,1037.8647606849138
13.0,16.0,152.21637569783076,1037.5509519053815
13.0,16.5,151.6085426155629,1037.2455052274454
13.0,17.0,150.986317105297,1036.948096794945
13.0,17.5,150.35181298356864,1036.6583991274276
13.0,18.0,149.70693377019109,1036.3760832134747
13.0,18.5,149.05339456540344,1036.1008224949871
13.0,19.0,148.39274141195648,1035.8322957114544
13.0,19.5,147.72636845741675,1035.5701876147755
13.0,20.0,147.05553319059226,1035.3141901932083
13.5,0.5,124.92734598563054,1019.1158558983906
13.5,1.0,128.92418123409558,1027.9878315135409
13.5,1.5,132.79399781916268,1034.5569735995314
13.5,2.0,136.30973154663852,1039.111686071216
13.5,2.5,139.44246452337964,1042.1877053004237
13.5,3.0,142.20717255938203,1044.2117157069033
13.5,3.5,144.62835501353146,1045.4915511092765
13.5,4.0,146.73244048979353,1046.245750057553
13.5,4.5,148.54586270697826,1046.6293114793614
13.5,5.0,150.09435875103253,1046.752323762034
13.5,5.5,151.40256007603216,1046.6930797939021
13.5,6.0,152.49370408644344,1046.5073161193593
13.5,6.5,153.3894428707283,1046.2347468941832
13.5,7.0,154.10974192505006,1045.9036904803327
13.5,7.5,154.67285584139708,1045.5343529094735
13.5,8.0,155.09536347098384,1045.141154963793
13.5,8.5,155.3922447193012,1044.7343847073007
13.5,9.0,155.57698339889478,1044.321371069969
13.5,9.5,155.66168384761167,1043.9073184541608
13.5,10.0,155.65719231136495,1043.4959013950368
13.5,10.5,155.57321692082473,1043.089688874064
13.5,11.0,155.41844231847872,1042.6904500688152
13.5,11.5,155.20063664093198,1042.2993724444905
13.5,12.0,154.92674972361155,1041.917220365599
13.5,12.5,154.6030021786919,1041.544449439103
13.5,13.0,154.2349655003809,1041.181290313455
13.5,13.5,153.82763365533015,1040.8278086343787
13.5,14.0,153.38548678191898,1040.483951240793
13.5,14.5,152.91254769625544,1040.1495780185342
13.5,15.0,152.4124319176603,1039.8244866762711
13.5,15.5,151.8883919049073,1039.5084312143258
13.5,16.0,151.3433561520918,1039.2011348257092
13.5,16.5,150.7799637399628,1038.9022997684833
13.5,17.0,150.2005948815378,1038.6116161527248
13.5,17.5,149.60739794395968,1038.3287672986887
13.5,18.0,149.00231337430773,1038.0534340716415
13.5,18.5,148.38709490678045,1037.7852979458341
13.5,19.0,147.76332838292288,1037.524043865902
13.5,19.5,147.13244847554304,1037.2693617712553
13.5,20.0,146.49575357051327,1037.0209482642163
14.0,0.5,123.32704774525979,1020.1574763650538
14.0,1.0,127.17421405304361,1028.845917025458
14.0,1.5,130.93015580102397,1035.3778801446786
14.0,2.0,134.36472923453002,1039.967746731283
14.0,2.5,137.44293535719547,1043.109086273228
14.0,3.0,140.17554655121296,1045.20749562019
14.0,3.5,142.58378773845627,1046.5602129677015
14.0,4.0,144.69119971030602,1047.3807352576048
14.0,4.5,146.5215598245134,1047.8221005051998
14.0,5.0,148.09817193313023,1047.9941331075318
14.0,5.5,149.4434832568496,1047.9757409658816
14.0,6.0,150.57881490188007,1047.8236663842533
14.0,6.5,151.52417259897828,1047.5787375072039
14.0,7.0,152.29813238916438,1047.2703461331423
14.0,7.5,152.91779341288006,1046.919656203636
14.0,8.0,153.3987853246603,1046.5419073888636
14.0,8.5,153.7553162324957,1046.148067165596
14.0,9.0,154.00024797605238,1045.7460166182934
14.0,9.5,154.14518775307704,1045.3414025512575
14.0,10.0,154.2005876387117,1044.938250300545
14.0,10.5,154.1758458992671,1044.5394059970272
14.0,11.0,154.07940596257623,1044.1468559796615
14.0,11.5,153.91885042710712,1043.7619581768543
14.0,12.0,153.70098861125786,1043.3856102340305
14.0,12.5,153.4319369334786,1043.018372442763
14.0,13.0,153.11719194765365,1042.6605578594852
14.0,13.5,152.76169620264025,1042.312297652313
14.0,14.0,152.3698973037139,1041.9735902374098
14.0,14.5,151.94580066827916,1041.644337143048
14.0,15.0,151.4930165192371,1041.3243697404553
14.0,15.5,151.01480166898006,1041.0134692734707
14.0,16.0,150.51409663067352,1040.7113817502536
14.0,16.5,149.993558562035,1040.4178287254904
14.0,17.0,149.4555905074333,1040.1325156909284
14.0,17.5,148.90236736158744,1039.855138921798
14.0,18.0,148.33585893543915,1039.5853901538703
14.0,18.5,147.75785046375657,1039.3229603152013
14.0,19.0,147.1699608557268,1039.0675424724548
14.0,19.5,146.57365895472444,1038.8188330891564
14.0,20.0,145.9702780417682,1038.5765341824633
14.5,0.5,121.84794888289453,1021.1040054188926
14.5,1.0,125.55435668526724,1029.612577352151
14.5,1.5,129.20142263175038,1036.1028607897558
14.5,2.0,132.5571573428757,1040.7219957895422
14.5,2.5,135.5810627698386,1043.9234465622967
14.5,3.0,138.2800741482461,1046.0923157752036
14.5,3.5,140.6724827954289,1047.5152985233433
14.5,4.0,142.7792739673138,1048.4006641699632
14.5,4.5,144.6218753912711,1048.89921696222
14.5,5.0,146.22142336938438,1049.1202405839117
14.5,5.5,147.59839837416752,1049.143018677612
14.5,6.0,148.77237472851064,1049.0251126166615
14.5,6.5,149.7618382057024,1048.8083327749498
14.5,7.0,150.58406564103956,1048.5230554335558
14.5,7.5,151.25506215857362,1048.1913514040546
14.5,8.0,151.7895475662724,1047.8292527276749
14.5,8.5,152.20098113186486,1047.4483970993572
14.5,9.0,152.50161385035432,1047.057219684908
14.5,9.5,152.70255860051887,1046.6618183777466
14.5,10.0,152.81387044113356,1046.2665813760993
14.5,10.5,152.84463119588455,1045.8746448207676
14.5,11.0,152.803034155889,1045.4882251443764
14.5,11.5,152.69646609489686,1045.108862630118
14.5,12.0,152.53158484099626,1044.7375994871131
14.5,12.5,152.31439141855745,1044.3751104133814
14.5,13.0,152.0502963176468,1044.0217986217617
14.5,13.5,151.74417981699037,1043.6778678283872
14.5,14.0,151.40044652569057,1043.3433741512704
14.5,14.5,151.0230744545716,1043.0182656013671
14.5,15.0,150.61565900822367,1042.702411065336
14.5,15.5,150.18145232440082,1042.3956223791645
14.5,16.0,149.7233983935813,1042.097670949253
14.5,16.5,149.2441643790198,1041.8082994203592
14.5,17.0,148.74616853403808,1041.527231534137
14.5,17.5,148.231605083768,1041.254177996668
14.5,18.0,147.70246640649393,1040.9888431535535
14.5,18.5,147.16056281738025,1040.7309286879217
14.5,19.0,146.60754022608305,1040.4801365192818
14.5,19.5,146.04489591034107,1040.2361709453644
14.5,20.0,145.47399262054645,1039.9987407878918
15.0,0.5,120.47769379075375,1021.9647742889271
15.0,1.0,124.05156163764917,1030.2973447040886
15.0,1.5,127.59448628578909,1036.7420156705339
15.0,2.0,130.8737176927044,1041.384978684913
15.0,2.5,133.84379045165898,1044.64159378845
15.0,3.0,136.50811833863077,1046.8770798123242
15.0,3.5,138.8823452751382,1048.3676863834307
15.0,4.0,140.98518211260162,1049.3163242917774
15.0,4.5,142.8359712248402,1049.8713378664859
15.0,5.0,144.45391523211248,1050.141227037747
15.0,5.5,145.85772371825772,1050.2054315340188
15.0,6.0,147.06538059073065,1050.1221553110743
15.0,6.5,148.09397130315838,1049.9340584842269
15.0,7.0,148.95956140189946,1049.672411322603
15.0,7.5,149.6771239396045,1049.3601329754715
15.0,8.0,150.26051040463238,1049.0140146987235
15.0,8.5,150.72245721478055,1048.6463490668589
15.0,9.0,151.0746190129143,1048.2661218464775
15.0,9.5,151.32762055718555,1047.879886090324
15.0,10.0,151.4911202569839,1047.4924011258006
15.0,10.5,151.57387987652504,1047.1071031270042
15.0,11.0,151.5838363277398,1046.7264500160866
15.0,11.5,151.5281726723887,1046.35217517961
15.0,12.0,151.4133864125663,1045.985475010333
15.0,12.5,151.24535388029327,1045.6271474556358
15.0,13.0,151.02939007320333,1045.2776946341817
15.0,13.5,150.77030366260124,1044.9373988598795
15.0,14.0,150.47244715847796,1044.6063797445238
15.0,14.5,150.13976238428032,1044.2846365162368
15.0,15.0,149.7758215171526,1043.9720799560816
15.0,15.5,149.3838640061732,1043.668556041998
15.0,16.0,148.96682970621416,1043.3738639705814
15.0,16.5,148.52738856898605,1043.0877699727453
15.0,17.0,148.06796722320604,1042.8100171875108
15.0,17.5,147.5907727579755,1042.5403337028931
15.0,18.0,147.09781400109082,1042.2784374815442
15.0,18.5,146.5909205596279,1042.0240422331922
15.0,19.0,146.07175986540267,1041.776859927551
15.0,19.5,145.54185244384928,1041.5366038497393
15.0,20.0,145.0025856021131,1041.3029905082312
15.5,0.5,119.20545730850793,1022.7481613733303
15.5,1.0,122.65437752606127,1030.908739067056
15.5,1.5,126.09764274883722,1037.3043716326652
15.5,2.0,129.30269282480296,1041.9661326193504
15.5,2.5,132.21958428390283,1045.2732162067107
15.5,3.0,134.84848504619518,1047.5715771088057
15.5,3.5,137.20263360782764,1049.1271537913422
15.5,4.0,139.29870488236088,1050.1374114629855
15.5,4.5,141.15418361326277,1050.7480499605283
15.5,5.0,142.7865442324162,1051.0665742137146
15.5,5.5,144.2129011840731,1051.1723815955133
15.5,6.0,145.4497913982525,1051.124151938688
15.5,6.5,146.51301234700964,1050.9652659943295
15.5,7.0,147.41750297659496,1050.7277955829618
15.5,7.5,148.17726572320157,1050.4354454315915
15.5,8.0,148.80532649726032,1050.1057278495025
15.5,8.5,149.3137270327013,1049.7515693341381
15.5,9.0,149.71354274586557,1049.3824980772051
15.5,9.5,150.01491924146939,1049.0055216343842
15.5,10.0,150.22712135898044,1048.6257754939454
15.5,10.5,150.35858973770638,1048.2470035491538
15.5,11.0,150.4170010098187,1047.8719138149577
15.5,11.5,150.40932875620445,1047.5024422378747
15.5,12.0,150.34190321794335,1047.139948518985
15.5,12.5,150.2204684354757,1046.785361767304
15.5,13.0,150.05023600336784,1046.4392900706505
15.5,13.5,149.83593500667587,1046.1021013819743
15.5,14.0,149.58185797289593,1045.7739843251316
15.5,14.5,149.29190285666363,1045.4549942074968
15.5,15.0,148.96961119416076,1045.1450875350204
15.5,15.5,148.6182026377736,1044.8441478472414
15.5,16.0,148.24060612225762,1044.5520052534696
15.5,16.5,147.83948793154778,1044.2684517217524
15.5,17.0,147.41727693786297,1043.9932519655904
15.5,17.5,146.97618727726137,1043.7261521256576
15.5,18.0,146.518238712172,1043.4668866379384
15.5,18.5,146.04527491434203,1043.2151819749952
15.5,19.0,145.5589798829404,1042.9707614075892
15.5,19.5,145.06089269349553,1042.7333481378857
15.5,20.0,144.55242075469522,1042.5026671921453
16.0,0.5,118.02172740778957,1023.4616823341539
16.0,1.0,121.35272436659324,1031.454368689609
16.0,1.5,124.70057228327636,1037.7979911462737
16.0,2.0,127.83373004566918,1042.4738991139848
16.0,2.5,130.6982289221369,1045.8269970553013
16.0,3.0,133.2912346171664,1048.184597974652
16.0,3.5,135.62378627708762,1049.8024911187247
16.0,4.0,137.71072576754872,1050.8726464156014
16.0,4.5,139.56787654157222,1051.5379715495149
16.0,5.0,141.21116518654415,1051.904793801914
16.0,5.5,142.6562682634275,1052.0522900254884
16.0,6.0,143.91840670451566,1052.0394607577691
16.0,6.5,145.01219479623356,1051.9102837574162
16.0,7.0,145.95152572453597,1051.69753898662
16.0,7.5,146.74949150259985,1051.4256521376515
16.0,8.0,147.41833563553234,1051.1128137772366
16.0,8.5,147.96943479185072,1050.7725590957477
16.0,9.0,148.41330428773983,1050.414945906107
16.0,9.5,148.75962177505437,1050.047432166947
16.0,10.0,149.0172638697725,1049.6755310185927
16.0,10.5,149.1943512043689,1049.3032991702287
16.0,11.0,149.2982982687355,1048.9337014515913
16.0,11.5,149.33586525991365,1048.5688838744588
16.0,12.0,149.31320991158773,1048.2103770952426
16.0,12.5,149.23593789195112,1047.8592493511328
16.0,13.0,149.10915084386744,1047.5162212620269
16.0,13.5,148.9374915088763,1047.1817524328121
16.0,14.0,148.72518564621504,1046.8561058122446
16.0,14.5,148.47608064960474,1046.5393977286815
16.0,15.0,148.1936808959833,1046.2316342838303
16.0,15.5,147.88117994666206,1045.9327400016928
16.0,16.0,147.5414897745898,1045.6425790518263
16.0,16.5,147.17726722088838,1045.3609712225145
16.0,17.0,146.79093789670216,1045.0877047840788
16.0,17.5,146.3847177479666,1044.8225460339022
16.0,18.0,145.9606324948388,1044.5652461214572
16.0,18.5,145.52053514703064,1044.315546756363
16.0,19.0,145.06612178311914,1044.0731836258713
16.0,19.5,144.5989457674603,1043.8378906205676
16.0,20.0,144.12043056352172,1043.6094018737112
16.5,0.5,116.9181218210686,1024.1120762714397
16.5,1.0,120.1377037699585,1031.9410251303545
16.5,1.5,123.39414993745136,1038.230073458614
16.5,2.0,126.45765774133329,1042.9158293325709
16.5,2.5,129.27065392222073,1046.3107194154595
16.5,3.0,131.8275199299417,1048.7240371022774
16.5,3.5,134.13727244850287,1050.4016046547338
16.5,4.0,136.21309351588582,1051.5298789630835
16.5,4.5,138.06931474593262,1052.2488586768422
16.5,5.0,139.72047304192702,1052.663538143672
16.5,5.5,141.180947481423,1052.8527144442835
16.5,6.0,142.4647621592389,1052.8755653319504
16.5,6.5,143.58544540940167,1052.7765477868127
16.5,7.0,144.55592124757746,1052.5890588586926
16.5,7.5,145.38842961602964,1052.3381786851248
16.5,8.0,146.09447458879106,1052.0427307550826
16.5,8.5,146.6847982354543,1051.7168299490265
16.5,9.0,147.16937635610512,1051.3710468301558
16.5,9.5,147.55743161457187,1051.0132825449673
16.5,10.0,147.85745962082171,1050.6494259507547
16.5,10.5,148.07726397201807,1050.2838492026729
16.5,11.0,148.22399691727463,1049.9197790885848
16.5,11.5,148.3042030047052,1049.5595773627483
16.5,12.0,148.32386371176372,1049.2049524948031
16.5,12.5,148.28844161039007,1048.8571179622688
16.5,13.0,148.20292306612004,1048.5169132902333
16.5,13.5,148.07185882021062,1048.1848953761846
16.5,14.0,147.89940206852322,1047.8614068642323
16.5,14.5,147.68934384527543,1047.5466293976704
16.5,15.0,147.44514565824903,1047.2406226111182
16.5,15.5,147.16996941737892,1046.9433553519573
16.5,16.0,146.86670476149217,1046.6547283648072
16.5,16.5,146.53799392682794,1046.3745923591846
16.5,17.0,146.18625432254285,1046.1027613889244
16.5,17.5,145.8136989877535,1045.839023135336
16.5,18.0,145.42235510561937,1045.5831471672752
16.5,18.5,145.01408074535044,1045.3348906664353
16.5,19.0,144.59057999486012,1045.0940037549267
16.5,19.5,144.15341663657037,1044.8602319163358
16.5,20.0,143.70402650761457,1044.6333195203558
17.0,0.5,115.88723299183728,1024.7053846571655
17.0,1.0,119.00143828052774,1032.3747701809611
17.0,1.5,122.17028477268563,1038.6070467573968
17.0,2.0,125.16632893541902,1043.298678163101
17.0,2.5,127.92878500208181,1046.7313616594547
17.0,3.0,130.44944732018405,1049.1969877271335
17.0,3.5,132.73546320698526,1050.9316108972905
17.0,4.0,134.79850333799925,1052.1161819772785
17.0,4.5,136.65155393431158,1052.8877013197693
17.0,5.0,138.307900881942,1053.349698429006
17.0,5.5,139.7807509168112,1053.5804501782645
17.0,6.0,141.0830393769433,1053.6391805316619
17.0,6.5,142.22729845672993,1053.5707143601212
17.0,7.0,143.2255551153684,1053.4089772917514
17.0,7.5,144.08925331417615,1053.179637335896
17.0,8.0,144.82919997547344,1052.902103071251
17.0,8.5,145.45553338504018,1052.591037487471
17.0,9.0,145.97771140582333,1052.257504544798
17.0,9.5,146.40451603398898,1051.9098374923685
17.0,10.0,146.7440706114118,1051.5542970769568
17.0,10.5,147.00386622924054,1051.195570380216
17.0,11.0,147.1907943140316,1050.8371491487198
17.0,11.5,147.31118293125172,1050.4816160221128
17.0,12.0,147.37083487769726,1050.1308619318324
17.0,12.5,147.37506611541784,1049.7862514039584
17.0,13.0,147.3287435050364,1049.4487484686028
17.0,13.5,147.2363211231311,1049.1190123003655
17.0,14.0,147.10187470286903,1048.7974700940401
17.0,14.5,146.92913392956137,1048.484372833347
17.0,15.0,146.72151246436454,1048.1798378279057
17.0,15.5,146.48213567049305,1047.8838813989937
17.0,16.0,146.21386608618383,1047.5964439979177
17.0,16.5,145.9193267348684,1047.3174093233683
17.0,17.0,145.60092239168733,1047.0466191200028
17.0,17.5,145.2608589414004,1046.7838846243121
17.0,18.0,144.90116096959702,1046.5289951619386
17.0,18.5,144.5236877296635,1046.2817251294296
17.0,19.0,144.13014762429265,1046.0418389497831
17.0,19.5,143.7221113339392,1045.8090954565027
17.0,20.0,143.3010237166311,1045.5832501119598
17.5,0.5,114.9224966691083,1025.247024754566
17.5,1.0,117.93693506602904,1032.7610144881032
17.5,1.5,121.02178317250669,1038.9346518701973
17.5,2.0,123.95248782674287,1043.628490604283
17.5,2.5,126.66541664544386,1047.0951829101537
17.5,3.0,129.14995699832178,1049.6098266206116
17.5,3.5,131.41152048594367,1051.3989196208477
17.5,4.0,133.46039421641174,1052.637934010697
17.5,4.5,135.30834580043648,1053.4608061750098
17.5,5.0,136.96753169380247,1053.9694908189488
17.5,5.5,138.4500976979062,1054.2416201884273
17.5,6.0,139.7679881867275,1054.336346367212
17.5,6.5,140.932821865172,1054.2987575293587
17.5,7.0,141.95579618310435,1054.1632227767006
17.5,7.5,142.8476126584727,1053.9559321791025
17.5,8.0,143.61842226284642,1053.6968311058836
17.5,8.5,144.27779025441512,1053.4010965875698
17.5,9.0,144.83467874188855,1053.080263458021
17.5,9.5,145.29744437578134,1052.7430842046083
17.5,10.0,145.67384817913018,1052.3961846887992
17.5,10.5,145.97107455997224,1052.0445652078015
17.5,11.0,146.19575683423767,1051.6919830024378
17.5,11.5,146.35400699508676,1051.3412440931966
17.5,12.0,146.4514479012548,1050.994426650934
17.5,12.5,146.4932464687309,1050.6530507990528
17.5,13.0,146.48414681050497,1050.3182097119484
17.5,13.5,146.428502569023,1049.9906696884468
17.5,14.0,146.33030792632607,1049.6709466039022
17.5,14.5,146.19322696363423,1049.3593649231111
17.5,15.0,146.02062118342613,1049.0561031606055
17.5,15.5,145.81557511117387,1048.7612282631071
17.5,16.0,145.5809199684848,1048.474723234127
17.5,16.5,145.31925546110892,1048.1965070330893
17.5,17.0,145.03296975958676,1047.9264514136642
17.5,17.5,144.72425777166248,1047.6643927853247
17.5,18.0,144.39513781744063,1047.4101419296805
17.5,18.5,144.04746682332512,1047.1634914510505
17.5,19.0,143.68295415107,1046.9242216523824
17.5,19.5,143.30317417533752,1046.6921048485654
17.5,20.0,142.9095777181339,1046.466908496852
18.0,0.5,114.01808026536312,1025.7418549872666
18.0,1.0,116.9379699770269,1033.1045887036862
18.0,1.5,119.9422323608138,1039.2180167946894
18.0,2.0,122.80965570821556,1043.910677964199
18.0,2.5,125.47410281014108,1047.40780042702
18.0,3.0,127.92272009321255,1049.9682903116338
18.0,3.5,130.15930115094935,1051.8093087893462
18.0,4.0,132.1928600426265,1053.1008936828375
18.0,4.5,134.03405575093177,1053.9738715970173
18.0,5.0,135.6940219569777,1054.5285311476218
18.0,5.5,137.18394262645626,1054.8417521184454
18.0,6.0,138.51485948152595,1054.9725071243465
18.0,6.5,139.69755356143332,1054.9660514443567
18.0,7.0,140.74245580057877,1054.8571167734328
18.0,7.5,141.65957607434544,1054.6723501690904
18.0,8.0,142.45844923795343,1054.4321851693026
18.0,8.5,143.1480978916756,1054.152277843382
18.0,9.0,143.73701084973487,1053.8446096216728
18.0,9.5,144.23313543640705,1053.518336576712
18.0,10.0,144.6438812453613,1053.180440770192
18.0,10.5,144.97613288283478,1052.8362317890123
18.0,11.0,145.23626935903695,1052.4897318411215
18.0,11.5,145.43018807937403,1052.143971845219
18.0,12.0,145.5633317308161,1051.8012196173534
18.0,12.5,145.64071670340158,1051.463154713734
18.0,13.0,145.66696200157085,1051.131003689628
18.0,13.5,145.64631787071704,1050.8056438164363
18.0,14.0,145.58269358755132,1050.487683882684
18.0,14.5,145.47968404097762,1050.1775254167517
18.0,15.0,145.34059486842443,1049.8754112442218
18.0,15.5,145.1684660172379,1049.5814623483686
18.0,16.0,144.96609367801048,1049.2957066078768
18.0,16.5,144.73605059224704,1049.0181011192935
18.0,17.0,144.48070477537917,1048.7485493163467
18.0,17.5,144.20223672184613,1048.4869145119044
18.0,18.0,143.90265517498938,1048.2330306418332
18.0,18.5,143.58381155341357,1047.9867099922858
18.0,19.0,143.24741312922083,1047.7477493994938
18.0,19.5,142.89503505365784,1047.5159358925118
18.0,20.0,142.5281313233526,1047.2910496088766
18.5,0.5,113.16878776104339,1026.1942358802387
18.5,1.0,115.99898867418462,1033.4098081692807
18.5,1.5,118.92590089963934,1039.4617246464124
18.5,2.0,121.73203324261202,1044.1500874368114
18.5,2.5,124.34906299430804,1047.6742584160274
18.5,3.0,126.76204986848532,1050.277543236368
18.5,3.5,128.9732740510381,1052.1679915893412
18.5,4.0,130.99057261380307,1053.5102656095803
18.5,4.5,132.82359154294545,1054.432052629314
18.5,5.0,134.48253536907853,1055.0319013769958
18.5,5.5,135.97771433037653,1055.3858453426915
18.5,6.0,137.31934712646938,1055.5525814960158
18.5,6.5,138.51744651426776,1055.5774434288944
18.5,7.0,139.5817354444006,1055.4954483479223
18.5,7.5,140.52158011410822,1055.3336386249364
18.5,8.0,141.34593752160603,1055.112887064921
18.5,8.5,142.06331733356964,1054.8492923486085
18.5,9.0,142.68175753567547,1054.5552572634306
18.5,9.5,143.20881258322902,1054.24032418216
18.5,10.0,143.6515522337818,1053.9118204676363
18.5,10.5,144.01656902296028,1053.5753591694595
18.5,11.0,144.3099923729339,1053.2352250207657
18.5,11.5,144.53750750627498,1052.8946742920705
18.5,12.0,144.70437759759898,1052.5561661080328
18.5,12.5,144.81546787663598,1052.22154221521
18.5,13.0,144.8752706659397,1051.8921654744702
18.5,13.5,144.8879305767829,1051.5690280324384
18.5,14.0,144.85726929087858,1051.2528345753592
18.5,14.5,144.78680952271523,1050.9440674933971
18.5,15.0,144.67979789027405,1050.6430372023335
18.5,15.5,144.53922652506864,1050.3499212701508
18.5,16.0,144.36785333063946,1050.0647951638853
18.5,16.5,144.16822085649255,1049.7876560402858
18.5,17.0,143.94267379616062,1049.5184413583272
18.5,17.5,143.6933751471501,1049.2570432939633
18.5,18.0,143.42232108994807,1049.0033200974012
18.5,18.5,143.1313546554041,1048.7571049541443
18.5,19.0,142.82217825653316,1048.5182128530087
18.5,19.5,142.49636516360061,1048.2864462454206
18.5,20.0,142.15537000137283,1048.0615987664473
19.0,0.5,112.36997848922573,1026.6080826433872
19.0,1.0,115.11502208475315,1033.680529149964
19.0,1.5,117.9676534764806,1039.6698730963478
19.0,2.0,120.71441655851196,1044.3510630548924
19.0,2.5,123.28510133834322,1047.8990894997771
19.0,3.0,125.66282502176912,1050.542238285604
19.0,3.5,127.8484481642657,1052.4796757657796
19.0,4.0,129.84871479715213,1053.8707580734465
19.0,4.5,131.67234128143036,1054.8400190355364
19.0,5.0,133.3286852622403,1055.484207281747
19.0,5.5,134.82726157246046,1055.8784301811622
19.0,6.0,136.177537605782,1056.0810227483391
19.0,6.5,137.38882119283232,1056.1373154863168
19.0,7.0,138.47018151745544,1056.0825396100784
19.0,7.5,139.43038619406047,1055.9440724968408
19.0,8.0,140.27785090555628,1055.743178688427
19.0,8.5,141.02060126406312,1055.4963630074083
19.0,9.0,141.666246677709,1055.216422935788
19.0,9.5,142.22196540844286,1054.9132683652717
19.0,10.0,142.6944994698463,1054.594559977267
19.0,10.5,143.09015772399346,1054.2662065230393
19.0,11.0,143.4148254742521,1053.9327516292428
19.0,11.5,143.67397894657822,1053.5976757574342
19.0,12.0,143.87270323685001,1053.263630202136
19.0,12.5,144.01571252435593,1052.9326203134794
19.0,13.0,144.10737157763765,1052.6061480611697
19.0,13.5,144.15171778870044,1052.2853231140823
19.0,14.0,144.1524831554092,1051.9709495501822
19.0,14.5,144.1131157864632,1051.663593223385
19.0,15.0,144.03680062931255,1051.3636348852306
19.0,15.5,143.92647922140546,1051.071311623974
19.0,16.0,143.78486834276282,1050.7867489391397
19.0,16.5,143.61447750677905,1050.509986379314
19.0,17.0,143.41762526982288,1050.240997080126
19.0,17.5,143.19645437177851,1049.9797036820848
19.0,18.0,142.9529457417443,1049.725990612165
19.0,18.5,142.6889314178884,1049.4797130726658
19.0,19.0,142.40610643971783,1049.2407053966062
19.0,19.5,142.1060397761495,1049.0087864068125
19.0,20.0,141.79018435489002,1048.7837642016461
19.5,0.5,111.61749758902786,1026.9869139553828
19.5,1.0,114.28161391561073,1033.9202002949291
19.5,1.5,117.06287774044988,1039.8461288435203
19.5,2.0,119.75212504081732,1044.5175009726668
19.5,2.5,122.27753680353045,1048.0863702848146
19.5,3.0,124.6204232922671,1050.7665706577413
19.5,3.5,126.78031023887095,1052.7486164027614
19.5,4.0,128.76292241430951,1054.1866354060244
19.5,4.5,130.57611944818476,1055.202005701019
19.5,5.0,132.22848447213772,1055.8896293678372
19.5,5.5,133.7288065424726,1056.3236185672026
19.5,6.0,135.08586628221897,1056.561870627418
19.5,6.5,136.30832434850595,1056.6496383198678
19.5,7.0,137.40464624743885,1056.6223000598945
19.5,7.5,138.38304325594783,1056.5075113086143
19.5,8.0,139.25142447702876,1056.3268817378946
19.5,8.5,140.01735935203166,1056.0972860177949
19.5,9.0,140.6880505696175,1055.8318888800902
19.5,9.5,141.27031690848153,1055.5409481048064
19.5,10.0,141.77058505297992,1055.2324442005313
19.5,10.5,142.19488909304854,1054.9125727462463
19.5,11.0,142.548876290378,1054.5861314233834
19.5,11.5,142.83781771644828,1054.2568222185744
19.5,12.0,143.06662248809874,1053.927488271358
19.5,12.5,143.2398544955991,1053.6002996837915
19.5,13.0,143.36175070328736,1053.2768993147647
19.5,13.5,143.43624028273166,1052.9585166330837
19.5,14.0,143.4669640014103,1052.6460574381854
19.5,14.5,143.4572934308474,1052.3401736943379
19.5,15.0,143.41034965580653,1052.0413193815148
19.5,15.5,143.32902126169725,1051.7497932639635
19.5,16.0,143.21598145312316,1051.465773185095
19.5,16.5,143.07370421533457,1051.189343134061
19.5,17.0,142.90447947505646,1050.9205140464956
19.5,17.5,142.71042725040328,1050.659240642221
19.5,18.0,142.49351080366745,1050.4054346996381
19.5,18.5,142.25554882766434,1050.1589752497707
19.5,19.0,141.99822670765278,1049.9197166747433
19.5,19.5,141.7231069079588,1049.6874953172435
19.5,20.0,141.4316385363722,1049.4621345366909
20.0,0.5,110.90761629145342,1027.33389450188
20.0,1.0,113.49475833461183,1034.131907553208
20.0,1.5,116.20742131948481,1039.9937735053566
20.0,2.0,118.84093903488645,1044.6528974898638
20.0,2.5,121.32214277599842,1048.2397693023097
20.0,3.0,123.63066387242263,1050.9543265657865
20.0,3.5,125.76477056900376,1052.9786631912343
20.0,4.0,127.72923361015522,1054.4617639604498
20.0,4.5,129.5311198288865,1055.521858656947
20.0,5.0,131.17830160380623,1056.2519675607741
20.0,5.5,132.67890413423368,1056.725149395974
20.0,6.0,134.04107931213284,1056.9987967192164
20.0,6.5,135.2728931931748,1057.118017643018
20.0,7.0,136.3822537793473,1057.1182751403676
20.0,7.5,137.37685546406362,1057.0274487818724
20.0,8.0,138.2641336544483,1056.8674487629703
20.0,8.5,139.05122840162903,1056.6554836072096
20.0,9.0,139.7449569993384,1056.4050577144503
20.0,9.5,140.3517953353054,1056.1267562031876
20.0,10.0,140.8778673514643,1055.8288645163054
20.0,10.5,141.3289416304295,1055.5178558316995
20.0,11.0,141.7104339497578,1055.1987753543033
20.0,11.5,142.0274146118516,1054.8755432304206
20.0,12.0,142.28461942217504,1054.5511929509316
20.0,12.5,142.4864633102676,1054.2280597813192
20.0,13.0,142.6370557352085,1053.9079282181629
20.0,13.5,142.74021716838698,1053.5921493229835
20.0,14.0,142.7994960887779,1053.2817328072413
20.0,14.5,142.81818605265957,1052.9774191114425
20.0,15.0,142.79934250816933,1052.6797373676957
20.0,15.5,142.74579911514303,1052.3890505723482
20.0,16.0,142.6601834036198,1052.1055908410908
20.0,16.5,142.54493166221462,1051.8294885415103
20.0,17.0,142.4023029924693,1051.5607942019544
20.0,17.5,142.2343924994986,1051.2994963802794
20.0,18.0,142.04314361472316,1051.0455355561107
20.0,18.5,141.8303595649849,1050.7988156408007
20.0,19.0,141.5977140153638,1050.5592124949294
20.0,19.5,141.34676092176662,1050.3265808892888
20.0,20.0,141.07894363485886,1050.100760145228
