ThetaIncident,SineRatio,Power1,Power2,volume,volume_a,total,total_a,,measure,entropy
0,0,0,0,267,267,209,209,2739,0,1247
9,0.1,0.5,0.5,320,451,163,128,3305,2,1459
9,0.1,0.5,1,325,466,149,125,3367,2,1487
9,0.1,0.5,2,306,436,154,137,3162,1,1411
9,0.1,1,0.5,366,466,147,125,3808,4,1648
9,0.1,1,1,396,481,131,120,4125,9,1756
9,0.1,1,2,363,457,134,128,3767,5,1627
9,0.1,2,0.5,384,436,145,137,4021,6,1736
9,0.1,2,1,423,457,129,128,4429,11,1871
9,0.1,2,2,443,474,120,122,4627,16,1928
9,0.2,0.5,0.5,324,451,164,128,3349,2,1476
9,0.2,0.5,1,340,466,148,125,3522,2,1540
9,0.2,0.5,2,333,436,151,137,3437,2,1503
9,0.2,1,0.5,367,466,147,125,3826,4,1659
9,0.2,1,1,406,481,131,120,4226,7,1787
9,0.2,1,2,383,457,132,128,3978,6,1700
9,0.2,2,0.5,384,436,145,137,4022,6,1737
9,0.2,2,1,426,457,130,128,4459,11,1880
9,0.2,2,2,455,474,121,122,4761,13,1976
9,0.3,0.5,0.5,327,451,165,128,3382,2,1489
9,0.3,0.5,1,356,466,151,125,3687,3,1596
9,0.3,0.5,2,360,436,153,137,3722,5,1603
9,0.3,1,0.5,368,466,148,125,3834,4,1660
9,0.3,1,1,415,481,133,120,4327,11,1825
9,0.3,1,2,409,457,136,128,4255,7,1795
9,0.3,2,0.5,384,436,145,137,4019,6,1734
9,0.3,2,1,427,457,130,128,4475,11,1889
9,0.3,2,2,469,474,123,122,4906,20,2021
9,0.4,0.5,0.5,326,451,165,128,3373,2,1486
9,0.4,0.5,1,358,466,150,125,3711,5,1606
9,0.4,0.5,2,367,436,151,137,3802,3,1635
9,0.4,1,0.5,366,466,148,125,3810,4,1650
9,0.4,1,1,413,481,133,120,4307,10,1819
9,0.4,1,2,412,457,135,128,4291,13,1810
9,0.4,2,0.5,382,436,145,137,4002,6,1731
9,0.4,2,1,424,457,130,128,4437,11,1872
9,0.4,2,2,467,474,123,122,4880,19,2010
9,0.5,0.5,0.5,326,451,165,128,3372,3,1485
9,0.5,0.5,1,363,466,152,125,3764,5,1624
9,0.5,0.5,2,374,436,151,137,3885,5,1669
9,0.5,1,0.5,363,466,148,125,3786,5,1646
9,0.5,1,1,415,481,135,120,4328,15,1826
9,0.5,1,2,422,457,137,128,4394,14,1843
9,0.5,2,0.5,380,436,145,137,3980,6,1723
9,0.5,2,1,420,457,131,128,4403,11,1866
9,0.5,2,2,470,474,125,122,4924,14,2032
9,0.6,0.5,0.5,321,451,164,128,3318,2,1465
9,0.6,0.5,1,354,466,149,125,3673,4,1595
9,0.6,0.5,2,370,436,148,137,3848,4,1660
9,0.6,1,0.5,357,466,148,125,3721,5,1623
9,0.6,1,1,400,481,133,120,4170,10,1773
9,0.6,1,2,405,457,132,128,4227,10,1795
9,0.6,2,0.5,377,436,145,137,3945,6,1709
9,0.6,2,1,410,457,130,128,4295,11,1828
9,0.6,2,2,449,474,123,122,4696,18,1954
9,0.7,0.5,0.5,315,451,164,128,3263,1,1451
9,0.7,0.5,1,347,466,148,125,3610,4,1580
9,0.7,0.5,2,368,436,146,137,3830,4,1656
9,0.7,1,0.5,350,466,147,125,3643,5,1593
9,0.7,1,1,387,481,132,120,4039,7,1733
9,0.7,1,2,395,457,131,128,4127,9,1765
9,0.7,2,0.5,372,436,144,137,3895,6,1693
9,0.7,2,1,398,457,130,128,4171,12,1788
9,0.7,2,2,432,474,122,122,4520,13,1898
9,0.8,0.5,0.5,306,451,162,128,3167,1,1416
9,0.8,0.5,1,336,466,146,125,3491,3,1536
9,0.8,0.5,2,361,436,145,137,3770,6,1644
9,0.8,1,0.5,337,466,146,125,3512,3,1551
9,0.8,1,1,366,481,131,120,3821,7,1661
9,0.8,1,2,377,457,129,128,3943,6,1707
9,0.8,2,0.5,364,436,143,137,3810,6,1663
9,0.8,2,1,379,457,129,128,3968,6,1718
9,0.8,2,2,404,474,121,122,4233,13,1808
9,0.9,0.5,0.5,294,451,162,128,3048,1,1377
9,0.9,0.5,1,321,466,146,125,3342,3,1489
9,0.9,0.5,2,353,436,144,137,3686,5,1615
9,0.9,1,0.5,322,466,146,125,3351,3,1492
9,0.9,1,1,341,481,132,120,3564,4,1575
9,0.9,1,2,355,457,130,128,3717,6,1632
9,0.9,2,0.5,354,436,143,137,3703,6,1625
9,0.9,2,1,356,457,130,128,3727,6,1636
9,0.9,2,2,372,474,124,122,3902,8,1700
9,1,0.5,0.5,322,445,174,135,3344,2,1485
9,1,0.5,1,348,436,162,138,3636,4,1599
9,1,0.5,2,370,418,154,147,3879,7,1691
9,1,1,0.5,348,436,162,138,3636,4,1599
9,1,1,1,363,426,157,143,3792,6,1652
9,1,1,2,375,414,152,149,3930,7,1707
9,1,2,0.5,370,418,154,147,3879,7,1691
9,1,2,1,375,414,152,149,3930,7,1707
9,1,2,2,380,409,151,152,3985,8,1728
18,0.1,0.5,0.5,339,451,161,128,3543,4,1568
18,0.1,0.5,1,357,466,149,125,3725,4,1627
18,0.1,0.5,2,347,436,154,137,3596,3,1566
18,0.1,1,0.5,389,466,143,125,4117,10,1797
18,0.1,1,1,431,481,126,120,4567,18,1953
18,0.1,1,2,407,457,132,128,4284,9,1838
18,0.1,2,0.5,400,436,141,137,4271,10,1874
18,0.1,2,1,449,457,124,128,4800,16,2058
18,0.1,2,2,486,474,113,122,5178,20,2172
18,0.2,0.5,0.5,342,451,161,128,3575,4,1579
18,0.2,0.5,1,368,466,146,125,3854,5,1680
18,0.2,0.5,2,368,436,148,137,3833,4,1659
18,0.2,1,0.5,390,466,143,125,4131,10,1804
18,0.2,1,1,439,481,125,120,4651,13,1980
18,0.2,1,2,425,457,127,128,4476,11,1904
18,0.2,2,0.5,401,436,141,137,4272,14,1868
18,0.2,2,1,451,457,124,128,4824,16,2068
18,0.2,2,2,496,474,112,122,5295,20,2217
18,0.3,0.5,0.5,344,451,161,128,3594,4,1585
18,0.3,0.5,1,376,466,147,125,3945,5,1715
18,0.3,0.5,2,382,436,147,137,3993,5,1722
18,0.3,1,0.5,391,466,143,125,4137,10,1803
18,0.3,1,1,444,481,126,120,4708,13,2001
18,0.3,1,2,439,457,128,128,4634,13,1963
18,0.3,2,0.5,400,436,141,137,4272,14,1875
18,0.3,2,1,452,457,124,128,4834,16,2071
18,0.3,2,2,504,474,113,122,5379,20,2243
18,0.4,0.5,0.5,344,451,161,128,3596,4,1587
18,0.4,0.5,1,378,466,146,125,3968,8,1725
18,0.4,0.5,2,386,436,146,137,4046,8,1747
18,0.4,1,0.5,390,466,143,125,4130,9,1803
18,0.4,1,1,443,481,126,120,4709,16,2010
18,0.4,1,2,441,457,127,128,4667,19,1982
18,0.4,2,0.5,400,436,141,137,4266,14,1869
18,0.4,2,1,451,457,124,128,4822,16,2066
18,0.4,2,2,503,474,113,122,5379,28,2250
18,0.5,0.5,0.5,345,451,161,128,3609,4,1593
18,0.5,0.5,1,382,466,147,125,4019,7,1748
18,0.5,0.5,2,391,436,145,137,4114,8,1780
18,0.5,1,0.5,390,466,143,125,4130,10,1803
18,0.5,1,1,447,481,127,120,4748,18,2020
18,0.5,1,2,448,457,128,128,4754,17,2019
18,0.5,2,0.5,399,436,141,137,4261,11,1871
18,0.5,2,1,451,457,124,128,4823,17,2067
18,0.5,2,2,508,474,114,122,5438,23,2273
18,0.6,0.5,0.5,344,451,160,128,3594,4,1585
18,0.6,0.5,1,379,466,145,125,3989,9,1739
18,0.6,0.5,2,389,436,143,137,4106,11,1786
18,0.6,1,0.5,388,466,143,125,4104,9,1791
18,0.6,1,1,440,481,126,120,4676,13,1998
18,0.6,1,2,441,457,126,128,4677,12,1992
18,0.6,2,0.5,398,436,141,137,4245,11,1862
18,0.6,2,1,446,457,124,128,4771,17,2050
18,0.6,2,2,498,474,113,122,5322,33,2229
18,0.7,0.5,0.5,342,451,160,128,3579,5,1583
18,0.7,0.5,1,378,466,144,125,3976,7,1733
18,0.7,0.5,2,389,436,142,137,4115,8,1795
18,0.7,1,0.5,384,466,143,125,4064,9,1779
18,0.7,1,1,434,481,126,120,4608,13,1972
18,0.7,1,2,436,457,126,128,4631,15,1981
18,0.7,2,0.5,396,436,141,137,4218,11,1849
18,0.7,2,1,440,457,125,128,4700,17,2022
18,0.7,2,2,488,474,114,122,5219,23,2198
18,0.8,0.5,0.5,337,451,159,128,3522,5,1561
18,0.8,0.5,1,371,466,143,125,3910,9,1715
18,0.8,0.5,2,386,436,142,137,4094,11,1795
18,0.8,1,0.5,376,466,142,125,3971,9,1741
18,0.8,1,1,418,481,126,120,4445,16,1922
18,0.8,1,2,423,457,126,128,4503,20,1945
18,0.8,2,0.5,390,436,140,137,4159,11,1832
18,0.8,2,1,426,457,125,128,4545,17,1966
18,0.8,2,2,467,474,115,122,4988,26,2118
18,0.9,0.5,0.5,325,451,157,128,3392,3,1512
18,0.9,0.5,1,355,466,141,125,3741,6,1656
18,0.9,0.5,2,376,436,140,137,3997,11,1767
18,0.9,1,0.5,357,466,141,125,3776,9,1678
18,0.9,1,1,387,481,126,120,4111,13,1805
18,0.9,1,2,395,457,125,128,4213,11,1851
18,0.9,2,0.5,379,436,139,137,4034,11,1784
18,0.9,2,1,397,457,124,128,4236,11,1860
18,0.9,2,2,424,474,116,122,4536,20,1971
18,1,0.5,0.5,339,445,168,135,3567,6,1592
18,1,0.5,1,363,436,157,138,3845,8,1705
18,1,0.5,2,381,418,150,147,4061,12,1797
18,1,1,0.5,363,436,157,138,3845,8,1705
18,1,1,1,374,426,152,143,3985,11,1769
18,1,1,2,384,414,148,149,4106,13,1821
18,1,2,0.5,381,418,150,147,4061,12,1797
18,1,2,1,384,414,148,149,4106,13,1821
18,1,2,2,388,409,147,152,4153,14,1840
27,0.1,0.5,0.5,351,451,158,128,3707,6,1650
27,0.1,0.5,1,366,466,148,125,3866,8,1706
27,0.1,0.5,2,362,436,153,137,3777,3,1644
27,0.1,1,0.5,403,466,139,125,4340,16,1922
27,0.1,1,1,439,481,125,120,4725,17,2054
27,0.1,1,2,419,457,131,128,4453,9,1923
27,0.1,2,0.5,409,436,138,137,4446,22,1986
27,0.1,2,1,454,457,123,128,4941,31,2163
27,0.1,2,2,489,474,113,122,5308,26,2280
27,0.2,0.5,0.5,353,451,157,128,3731,6,1660
27,0.2,0.5,1,375,466,146,125,3960,7,1737
27,0.2,0.5,2,377,436,146,137,3955,6,1719
27,0.2,1,0.5,404,466,139,125,4351,16,1926
27,0.2,1,1,444,481,124,120,4786,16,2079
27,0.2,1,2,431,457,127,128,4596,16,1982
27,0.2,2,0.5,409,436,138,137,4448,22,1988
27,0.2,2,1,455,457,123,128,4958,31,2173
27,0.2,2,2,496,474,112,122,5392,26,2314
27,0.3,0.5,0.5,355,451,157,128,3753,6,1668
27,0.3,0.5,1,381,466,146,125,4037,7,1773
27,0.3,0.5,2,387,436,145,137,4078,6,1772
27,0.3,1,0.5,405,466,139,125,4364,16,1932
27,0.3,1,1,449,481,124,120,4843,17,2101
27,0.3,1,2,441,457,127,128,4724,14,2039
27,0.3,2,0.5,410,436,138,137,4452,22,1985
27,0.3,2,1,457,457,123,128,4978,31,2179
27,0.3,2,2,503,474,112,122,5472,27,2343
27,0.4,0.5,0.5,356,451,157,128,3770,6,1679
27,0.4,0.5,1,384,466,145,125,4078,9,1793
27,0.4,0.5,2,391,436,144,137,4137,9,1803
27,0.4,1,0.5,406,466,138,125,4369,17,1930
27,0.4,1,1,450,481,124,120,4865,18,2116
27,0.4,1,2,445,457,126,128,4770,19,2056
27,0.4,2,0.5,410,436,138,137,4452,22,1985
27,0.4,2,1,457,457,122,128,4982,31,2183
27,0.4,2,2,505,474,111,122,5495,28,2352
27,0.5,0.5,0.5,359,451,156,128,3805,7,1693
27,0.5,0.5,1,390,466,144,125,4149,12,1822
27,0.5,0.5,2,396,436,143,137,4211,12,1842
27,0.5,1,0.5,407,466,138,125,4384,17,1938
27,0.5,1,1,455,481,124,120,4921,21,2136
27,0.5,1,2,452,457,126,128,4859,15,2096
27,0.5,2,0.5,410,436,138,137,4454,22,1987
27,0.5,2,1,458,457,122,128,4998,32,2192
27,0.5,2,2,510,474,112,122,5563,33,2383
27,0.6,0.5,0.5,361,451,154,128,3820,7,1694
27,0.6,0.5,1,391,466,142,125,4165,13,1831
27,0.6,0.5,2,397,436,142,137,4234,14,1858
27,0.6,1,0.5,407,466,137,125,4383,17,1937
27,0.6,1,1,454,481,122,120,4907,20,2129
27,0.6,1,2,449,457,124,128,4843,21,2101
27,0.6,2,0.5,410,436,138,137,4450,22,1983
27,0.6,2,1,457,457,122,128,4985,32,2186
27,0.6,2,2,507,474,110,122,5524,32,2366
27,0.7,0.5,0.5,363,451,153,128,3847,7,1707
27,0.7,0.5,1,394,466,140,125,4211,12,1856
27,0.7,0.5,2,400,436,140,137,4281,13,1884
27,0.7,1,0.5,406,466,136,125,4377,17,1938
27,0.7,1,1,453,481,121,120,4903,20,2133
27,0.7,1,2,449,457,123,128,4856,24,2114
27,0.7,2,0.5,409,436,137,137,4440,23,1980
27,0.7,2,1,455,457,121,128,4958,33,2173
27,0.7,2,2,503,474,110,122,5493,31,2364
27,0.8,0.5,0.5,363,451,151,128,3848,8,1708
27,0.8,0.5,1,394,466,138,125,4219,11,1864
27,0.8,0.5,2,399,436,139,137,4296,13,1906
27,0.8,1,0.5,403,466,136,125,4339,18,1921
27,0.8,1,1,447,481,121,120,4841,22,2113
27,0.8,1,2,444,457,122,128,4810,21,2103
27,0.8,2,0.5,406,436,137,137,4412,23,1973
27,0.8,2,1,449,457,121,128,4884,33,2142
27,0.8,2,2,494,474,110,122,5384,34,2320
27,0.9,0.5,0.5,357,451,149,128,3790,9,1692
27,0.9,0.5,1,387,466,136,125,4152,14,1846
27,0.9,0.5,2,396,436,137,137,4272,17,1903
27,0.9,1,0.5,391,466,135,125,4209,18,1875
27,0.9,1,1,427,481,121,120,4618,26,2032
27,0.9,1,2,427,457,122,128,4630,26,2044
27,0.9,2,0.5,399,436,137,137,4326,22,1936
27,0.9,2,1,429,457,122,128,4664,21,2064
27,0.9,2,2,465,474,113,122,5058,24,2202
27,1,0.5,0.5,362,445,158,135,3869,12,1736
27,1,0.5,1,379,436,151,138,4086,19,1836
27,1,0.5,2,390,418,147,147,4229,17,1902
27,1,1,0.5,379,436,151,138,4086,19,1836
27,1,1,1,386,426,148,143,4181,15,1882
27,1,1,2,392,414,146,149,4256,17,1915
27,1,2,0.5,390,418,147,147,4229,17,1902
27,1,2,1,392,414,146,149,4256,17,1915
27,1,2,2,394,409,145,152,4283,18,1928
36,0.1,0.5,0.5,361,451,155,128,3867,10,1741
36,0.1,0.5,1,370,466,149,125,3934,7,1746
36,0.1,0.5,2,369,436,153,137,3866,4,1685
36,0.1,1,0.5,415,466,135,125,4553,20,2051
36,0.1,1,1,438,481,127,120,4786,23,2122
36,0.1,1,2,418,457,133,128,4491,13,1968
36,0.1,2,0.5,416,436,136,137,4595,24,2086
36,0.1,2,1,451,457,124,128,4996,31,2240
36,0.1,2,2,479,474,116,122,5274,33,2318
36,0.2,0.5,0.5,363,451,154,128,3892,9,1752
36,0.2,0.5,1,376,466,147,125,4013,11,1783
36,0.2,0.5,2,380,436,147,137,4007,8,1750
36,0.2,1,0.5,416,466,135,125,4569,29,2060
36,0.2,1,1,442,481,125,120,4844,22,2152
36,0.2,1,2,428,457,129,128,4609,13,2016
36,0.2,2,0.5,416,436,136,137,4600,24,2091
36,0.2,2,1,453,457,124,128,5020,31,2250
36,0.2,2,2,485,474,114,122,5352,31,2353
36,0.3,0.5,0.5,365,451,153,128,3923,10,1770
36,0.3,0.5,1,382,466,146,125,4094,10,1823
36,0.3,0.5,2,388,436,145,137,4122,7,1809
36,0.3,1,0.5,418,466,135,125,4587,27,2064
36,0.3,1,1,447,481,125,120,4905,27,2177
36,0.3,1,2,437,457,128,128,4727,18,2070
36,0.3,2,0.5,417,436,136,137,4606,24,2090
36,0.3,2,1,455,457,123,128,5045,31,2260
36,0.3,2,2,492,474,114,122,5432,40,2382
36,0.4,0.5,0.5,369,451,152,128,3959,11,1778
36,0.4,0.5,1,387,466,145,125,4157,12,1851
36,0.4,0.5,2,393,436,144,137,4190,10,1842
36,0.4,1,0.5,419,466,134,125,4604,30,2074
36,0.4,1,1,451,481,124,120,4947,32,2191
36,0.4,1,2,441,457,127,128,4787,22,2102
36,0.4,2,0.5,417,436,135,137,4610,24,2094
36,0.4,2,1,456,457,123,128,5060,31,2268
36,0.4,2,2,494,474,113,122,5471,29,2407
36,0.5,0.5,0.5,374,451,151,128,4021,12,1805
36,0.5,0.5,1,396,466,143,125,4260,15,1891
36,0.5,0.5,2,399,436,143,137,4279,14,1889
36,0.5,1,0.5,422,466,133,125,4637,30,2086
36,0.5,1,1,458,481,123,120,5031,25,2225
36,0.5,1,2,449,457,126,128,4892,23,2150
36,0.5,2,0.5,418,436,135,137,4620,24,2097
36,0.5,2,1,459,457,122,128,5097,32,2284
36,0.5,2,2,502,474,112,122,5564,36,2442
36,0.6,0.5,0.5,378,451,148,128,4071,11,1828
36,0.6,0.5,1,401,466,140,125,4329,19,1925
36,0.6,0.5,2,402,436,141,137,4338,13,1927
36,0.6,1,0.5,424,466,132,125,4658,31,2093
36,0.6,1,1,460,481,121,120,5067,29,2247
36,0.6,1,2,451,457,124,128,4928,22,2172
36,0.6,2,0.5,418,436,135,137,4626,25,2103
36,0.6,2,1,461,457,121,128,5110,32,2283
36,0.6,2,2,503,474,111,122,5579,42,2450
36,0.7,0.5,0.5,384,451,145,128,4138,16,1853
36,0.7,0.5,1,408,466,136,125,4425,16,1972
36,0.7,0.5,2,406,436,138,137,4407,17,1968
36,0.7,1,0.5,426,466,131,125,4685,31,2106
36,0.7,1,1,465,481,119,120,5125,30,2269
36,0.7,1,2,455,457,122,128,4988,28,2203
36,0.7,2,0.5,419,436,134,137,4631,25,2101
36,0.7,2,1,462,457,120,128,5130,33,2295
36,0.7,2,2,506,474,109,122,5619,42,2468
36,0.8,0.5,0.5,388,451,142,128,4189,18,1876
36,0.8,0.5,1,414,466,133,125,4501,23,2006
36,0.8,0.5,2,409,436,136,137,4466,25,2006
36,0.8,1,0.5,426,466,129,125,4683,32,2104
36,0.8,1,1,465,481,117,120,5132,31,2276
36,0.8,1,2,455,457,120,128,5006,25,2221
36,0.8,2,0.5,418,436,133,137,4620,25,2097
36,0.8,2,1,460,457,119,128,5102,33,2282
36,0.8,2,2,504,474,108,122,5588,43,2452
36,0.9,0.5,0.5,388,451,139,128,4201,15,1888
36,0.9,0.5,1,414,466,130,125,4529,26,2034
36,0.9,0.5,2,410,436,134,137,4495,29,2028
36,0.9,1,0.5,421,466,128,125,4620,28,2076
36,0.9,1,1,456,481,116,120,5032,35,2240
36,0.9,1,2,447,457,119,128,4932,28,2204
36,0.9,2,0.5,414,436,133,137,4571,25,2076
36,0.9,2,1,450,457,118,128,4978,34,2229
36,0.9,2,2,488,474,109,122,5409,47,2388
36,1,0.5,0.5,387,445,147,135,4228,23,1922
36,1,0.5,1,395,436,144,138,4351,23,1989
36,1,0.5,2,397,418,143,147,4384,27,2008
36,1,1,0.5,395,436,144,138,4351,23,1989
36,1,1,1,397,426,143,143,4378,26,2002
36,1,1,2,397,414,143,149,4385,28,2009
36,1,2,0.5,397,418,143,147,4384,27,2008
36,1,2,1,397,414,143,149,4385,28,2009
36,1,2,2,397,409,143,152,4383,29,2007
45,0.1,0.5,0.5,369,451,151,128,4019,17,1838
45,0.1,0.5,1,369,466,150,125,3960,11,1779
45,0.1,0.5,2,369,436,152,137,3883,6,1702
45,0.1,1,0.5,426,466,132,125,4759,35,2180
45,0.1,1,1,434,481,128,120,4810,33,2174
45,0.1,1,2,411,457,135,128,4458,19,1984
45,0.1,2,0.5,421,436,134,137,4732,40,2188
45,0.1,2,1,447,457,125,128,5028,34,2300
45,0.1,2,2,464,474,119,122,5184,38,2335
45,0.2,0.5,0.5,371,451,151,128,4046,17,1851
45,0.2,0.5,1,375,466,148,125,4045,11,1822
45,0.2,0.5,2,380,436,147,137,4032,7,1775
45,0.2,1,0.5,427,466,132,125,4775,35,2189
45,0.2,1,1,438,481,127,120,4869,32,2205
45,0.2,1,2,421,457,132,128,4582,19,2038
45,0.2,2,0.5,422,436,134,137,4737,40,2186
45,0.2,2,1,448,457,125,128,5051,34,2316
45,0.2,2,2,470,474,118,122,5263,43,2371
45,0.3,0.5,0.5,375,451,150,128,4090,17,1867
45,0.3,0.5,1,382,466,147,125,4133,16,1862
45,0.3,0.5,2,387,436,146,137,4139,10,1833
45,0.3,1,0.5,429,466,131,125,4799,35,2199
45,0.3,1,1,443,481,126,120,4936,32,2237
45,0.3,1,2,429,457,131,128,4691,25,2091
45,0.3,2,0.5,422,436,134,137,4745,40,2194
45,0.3,2,1,451,457,124,128,5080,34,2324
45,0.3,2,2,476,474,117,122,5340,43,2405
45,0.4,0.5,0.5,380,451,148,128,4146,18,1889
45,0.4,0.5,1,389,466,144,125,4223,18,1903
45,0.4,0.5,2,393,436,144,137,4223,12,1875
45,0.4,1,0.5,432,466,131,125,4828,36,2206
45,0.4,1,1,449,481,125,120,5001,33,2259
45,0.4,1,2,435,457,129,128,4771,21,2128
45,0.4,2,0.5,423,436,134,137,4754,40,2196
45,0.4,2,1,453,457,124,128,5109,34,2339
45,0.4,2,2,481,474,116,122,5401,44,2430
45,0.5,0.5,0.5,386,451,146,128,4222,18,1923
45,0.5,0.5,1,399,466,142,125,4342,16,1952
45,0.5,0.5,2,399,436,142,137,4323,14,1933
45,0.5,1,0.5,435,466,130,125,4866,36,2223
45,0.5,1,1,456,481,123,120,5091,38,2299
45,0.5,1,2,442,457,128,128,4878,26,2186
45,0.5,2,0.5,424,436,133,137,4765,40,2200
45,0.5,2,1,457,457,123,128,5147,34,2348
45,0.5,2,2,488,474,115,122,5490,51,2469
45,0.6,0.5,0.5,394,451,143,128,4309,19,1954
45,0.6,0.5,1,408,466,138,125,4462,19,2009
45,0.6,0.5,2,404,436,140,137,4407,18,1982
45,0.6,1,0.5,438,466,128,125,4909,36,2245
45,0.6,1,1,463,481,121,120,5172,42,2330
45,0.6,1,2,447,457,125,128,4953,31,2225
45,0.6,2,0.5,425,436,133,137,4779,40,2207
45,0.6,2,1,460,457,121,128,5186,35,2366
45,0.6,2,2,493,474,113,122,5551,36,2494
45,0.7,0.5,0.5,402,451,139,128,4418,22,2007
45,0.7,0.5,1,420,466,133,125,4617,28,2080
45,0.7,0.5,2,412,436,137,137,4518,18,2037
45,0.7,1,0.5,443,466,126,125,4960,37,2261
45,0.7,1,1,471,481,118,120,5280,39,2381
45,0.7,1,2,455,457,122,128,5061,29,2276
45,0.7,2,0.5,427,436,132,137,4794,40,2208
45,0.7,2,1,464,457,120,128,5233,35,2384
45,0.7,2,2,500,474,110,122,5639,51,2532
45,0.8,0.5,0.5,411,451,135,128,4529,24,2055
45,0.8,0.5,1,431,466,129,125,4771,29,2157
45,0.8,0.5,2,417,436,134,137,4615,28,2099
45,0.8,1,0.5,447,466,124,125,5008,38,2280
45,0.8,1,1,479,481,115,120,5380,38,2424
45,0.8,1,2,461,457,119,128,5153,42,2326
45,0.8,2,0.5,428,436,131,137,4805,40,2212
45,0.8,2,1,468,457,118,128,5271,45,2394
45,0.8,2,2,507,474,108,122,5713,49,2555
45,0.9,0.5,0.5,418,451,132,128,4625,25,2102
45,0.9,0.5,1,441,466,125,125,4910,34,2225
45,0.9,0.5,2,423,436,132,137,4711,34,2153
45,0.9,1,0.5,448,466,123,125,5027,39,2292
45,0.9,1,1,484,481,112,120,5433,41,2441
45,0.9,1,2,466,457,117,128,5213,49,2350
45,0.9,2,0.5,428,436,130,137,4801,40,2208
45,0.9,2,1,468,457,116,128,5267,45,2390
45,0.9,2,2,509,474,107,122,5725,52,2553
45,1,0.5,0.5,411,445,138,135,4591,29,2117
45,1,0.5,1,412,436,138,138,4613,38,2132
45,1,0.5,2,405,418,141,147,4529,29,2097
45,1,1,0.5,412,436,138,138,4613,38,2132
45,1,1,1,408,426,140,143,4568,28,2115
45,1,1,2,403,414,142,149,4502,29,2084
45,1,2,0.5,405,418,141,147,4529,29,2097
45,1,2,1,403,414,142,149,4502,29,2084
45,1,2,2,400,409,143,152,4469,29,2072
54,0.1,0.5,0.5,376,451,149,128,4150,22,1920
54,0.1,0.5,1,368,466,151,125,3992,16,1818
54,0.1,0.5,2,369,436,152,137,3908,8,1727
54,0.1,1,0.5,434,466,130,125,4930,51,2294
54,0.1,1,1,430,481,130,120,4840,44,2233
54,0.1,1,2,407,457,137,128,4445,25,1999
54,0.1,2,0.5,425,436,134,137,4841,37,2269
54,0.1,2,1,443,457,127,128,5059,48,2360
54,0.1,2,2,453,474,123,122,5124,38,2354
54,0.2,0.5,0.5,378,451,149,128,4182,22,1939
54,0.2,0.5,1,375,466,149,125,4078,19,1855
54,0.2,0.5,2,379,436,148,137,4048,8,1798
54,0.2,1,0.5,435,466,130,125,4949,51,2306
54,0.2,1,1,435,481,129,120,4903,33,2260
54,0.2,1,2,415,457,134,128,4566,21,2064
54,0.2,2,0.5,426,436,133,137,4848,37,2269
54,0.2,2,1,445,457,127,128,5085,48,2371
54,0.2,2,2,459,474,121,122,5204,43,2391
54,0.3,0.5,0.5,382,451,147,128,4230,27,1959
54,0.3,0.5,1,382,466,147,125,4170,17,1899
54,0.3,0.5,2,387,436,146,137,4157,11,1851
54,0.3,1,0.5,437,466,129,125,4970,51,2313
54,0.3,1,1,439,481,128,120,4961,45,2290
54,0.3,1,2,422,457,133,128,4665,26,2114
54,0.3,2,0.5,426,436,133,137,4853,37,2274
54,0.3,2,1,446,457,126,128,5103,48,2382
54,0.3,2,2,463,474,121,122,5261,39,2419
54,0.4,0.5,0.5,388,451,145,128,4299,22,1986
54,0.4,0.5,1,390,466,144,125,4278,21,1951
54,0.4,0.5,2,393,436,144,137,4252,15,1904
54,0.4,1,0.5,439,466,128,125,5002,52,2331
54,0.4,1,1,445,481,126,120,5030,35,2316
54,0.4,1,2,428,457,131,128,4748,23,2155
54,0.4,2,0.5,427,436,133,137,4861,37,2275
54,0.4,2,1,449,457,125,128,5129,48,2387
54,0.4,2,2,467,474,120,122,5318,45,2448
54,0.5,0.5,0.5,397,451,142,128,4409,25,2033
54,0.5,0.5,1,403,466,140,125,4439,22,2021
54,0.5,0.5,2,401,436,142,137,4378,18,1974
54,0.5,1,0.5,444,466,127,125,5057,52,2350
54,0.5,1,1,455,481,124,120,5151,34,2366
54,0.5,1,2,438,457,129,128,4879,35,2215
54,0.5,2,0.5,428,436,132,137,4878,37,2285
54,0.5,2,1,453,457,124,128,5184,48,2414
54,0.5,2,2,476,474,118,122,5428,44,2493
54,0.6,0.5,0.5,406,451,139,128,4514,29,2075
54,0.6,0.5,1,414,466,136,125,4583,30,2088
54,0.6,0.5,2,406,436,139,137,4472,24,2033
54,0.6,1,0.5,448,466,126,125,5103,53,2368
54,0.6,1,1,461,481,121,120,5239,49,2412
54,0.6,1,2,443,457,127,128,4959,28,2260
54,0.6,2,0.5,429,436,132,137,4890,37,2290
54,0.6,2,1,456,457,123,128,5219,48,2427
54,0.6,2,2,481,474,116,122,5486,41,2515
54,0.7,0.5,0.5,416,451,135,128,4652,30,2143
54,0.7,0.5,1,428,466,131,125,4773,33,2180
54,0.7,0.5,2,414,436,136,137,4596,30,2101
54,0.7,1,0.5,454,466,124,125,5173,53,2395
54,0.7,1,1,473,481,118,120,5380,50,2467
54,0.7,1,2,452,457,124,128,5090,33,2327
54,0.7,2,0.5,431,436,131,137,4911,37,2297
54,0.7,2,1,462,457,121,128,5285,48,2450
54,0.7,2,2,491,474,113,122,5604,41,2562
54,0.8,0.5,0.5,429,451,131,128,4813,40,2213
54,0.8,0.5,1,444,466,126,125,4996,31,2289
54,0.8,0.5,2,424,436,133,137,4740,29,2175
54,0.8,1,0.5,461,466,122,125,5263,54,2436
54,0.8,1,1,488,481,114,120,5562,57,2541
54,0.8,1,2,465,457,120,128,5257,43,2401
54,0.8,2,0.5,434,436,130,137,4943,36,2307
54,0.8,2,1,471,457,119,128,5382,47,2483
54,0.8,2,2,506,474,110,122,5775,45,2624
54,0.9,0.5,0.5,441,451,127,128,4977,43,2292
54,0.9,0.5,1,461,466,122,125,5219,52,2392
54,0.9,0.5,2,432,436,131,137,4872,33,2250
54,0.9,1,0.5,469,466,120,125,5354,56,2469
54,0.9,1,1,503,481,111,120,5748,60,2619
54,0.9,1,2,478,457,117,128,5418,46,2469
54,0.9,2,0.5,438,436,129,137,4975,36,2311
54,0.9,2,1,481,457,116,128,5481,48,2510
54,0.9,2,2,522,474,107,122,5950,59,2683
54,1,0.5,0.5,429,451,133,135,4885,43,2285
54,1,0.5,1,424,466,134,138,4821,36,2256
54,1,0.5,2,410,436,139,147,4639,38,2172
54,1,1,0.5,424,466,134,138,4821,36,2256
54,1,1,1,416,481,137,143,4715,38,2206
54,1,1,2,406,457,141,149,4587,38,2148
54,1,2,0.5,410,436,139,147,4639,38,2172
54,1,2,1,406,457,141,149,4587,38,2148
54,1,2,2,402,474,143,152,4527,37,2116
63,0.1,0.5,0.5,379,451,148,128,4246,24,1996
63,0.1,0.5,1,369,466,151,125,4036,21,1855
63,0.1,0.5,2,371,436,152,137,3943,12,1748
63,0.1,1,0.5,437,466,129,125,5045,60,2388
63,0.1,1,1,429,481,130,120,4892,37,2292
63,0.1,1,2,405,457,138,128,4474,31,2042
63,0.1,2,0.5,426,436,133,137,4904,42,2325
63,0.1,2,1,441,457,128,128,5097,56,2412
63,0.1,2,2,448,474,125,122,5133,45,2398
63,0.2,0.5,0.5,381,451,147,128,4276,24,2012
63,0.2,0.5,1,374,466,149,125,4119,24,1903
63,0.2,0.5,2,380,436,148,137,4078,14,1821
63,0.2,1,0.5,438,466,129,125,5058,60,2394
63,0.2,1,1,432,481,130,120,4942,40,2320
63,0.2,1,2,413,457,136,128,4583,25,2095
63,0.2,2,0.5,426,436,133,137,4906,42,2327
63,0.2,2,1,441,457,128,128,5110,56,2425
63,0.2,2,2,452,474,124,122,5191,52,2428
63,0.3,0.5,0.5,386,451,146,128,4328,24,2029
63,0.3,0.5,1,382,466,147,125,4213,22,1942
63,0.3,0.5,2,386,436,147,137,4182,15,1883
63,0.3,1,0.5,440,466,128,125,5080,60,2402
63,0.3,1,1,436,481,129,120,4999,53,2349
63,0.3,1,2,418,457,134,128,4673,33,2150
63,0.3,2,0.5,426,436,133,137,4911,42,2332
63,0.3,2,1,443,457,127,128,5127,56,2428
63,0.3,2,2,455,474,123,122,5242,46,2457
63,0.4,0.5,0.5,393,451,144,128,4413,36,2065
63,0.4,0.5,1,392,466,144,125,4340,24,1999
63,0.4,0.5,2,393,436,144,137,4289,18,1941
63,0.4,1,0.5,443,466,128,125,5114,61,2415
63,0.4,1,1,442,481,127,120,5072,37,2380
63,0.4,1,2,424,457,133,128,4761,37,2196
63,0.4,2,0.5,427,436,133,137,4918,42,2332
63,0.4,2,1,445,457,127,128,5149,56,2435
63,0.4,2,2,459,474,122,122,5291,48,2478
63,0.5,0.5,0.5,402,451,141,128,4521,26,2110
63,0.5,0.5,1,404,466,140,125,4497,27,2072
63,0.5,0.5,2,400,436,142,137,4407,22,2010
63,0.5,1,0.5,446,466,127,125,5159,61,2438
63,0.5,1,1,450,481,125,120,5167,40,2418
63,0.5,1,2,431,457,131,128,4864,41,2250
63,0.5,2,0.5,428,436,133,137,4928,42,2335
63,0.5,2,1,447,457,126,128,5181,55,2453
63,0.5,2,2,464,474,121,122,5359,52,2510
63,0.6,0.5,0.5,412,451,137,128,4653,38,2172
63,0.6,0.5,1,417,466,135,125,4676,37,2160
63,0.6,0.5,2,408,436,139,137,4525,21,2072
63,0.6,1,0.5,451,466,125,125,5217,62,2461
63,0.6,1,1,459,481,123,120,5281,56,2468
63,0.6,1,2,438,457,129,128,4970,37,2306
63,0.6,2,0.5,429,436,132,137,4943,41,2343
63,0.6,2,1,451,457,125,128,5226,55,2470
63,0.6,2,2,470,474,119,122,5436,46,2544
63,0.7,0.5,0.5,425,451,133,128,4819,40,2247
63,0.7,0.5,1,434,466,131,125,4903,36,2267
63,0.7,0.5,2,417,436,136,137,4671,32,2155
63,0.7,1,0.5,458,466,124,125,5301,62,2495
63,0.7,1,1,472,481,120,120,5449,46,2543
63,0.7,1,2,450,457,126,128,5123,34,2374
63,0.7,2,0.5,431,436,132,137,4969,41,2355
63,0.7,2,1,458,457,123,128,5305,54,2499
63,0.7,2,2,482,474,117,122,5575,57,2597
63,0.8,0.5,0.5,440,451,129,128,5019,44,2341
63,0.8,0.5,1,453,466,125,125,5170,50,2400
63,0.8,0.5,2,427,436,133,137,4830,38,2244
63,0.8,1,0.5,467,466,121,125,5417,63,2547
63,0.8,1,1,490,481,116,120,5677,67,2642
63,0.8,1,2,465,457,122,128,5320,57,2464
63,0.8,2,0.5,435,436,131,137,5011,41,2368
63,0.8,2,1,469,457,121,128,5430,54,2545
63,0.8,2,2,501,474,114,122,5788,51,2673
63,0.9,0.5,0.5,456,451,125,128,5228,54,2436
63,0.9,0.5,1,474,466,120,125,5453,45,2533
63,0.9,0.5,2,439,436,130,137,4998,42,2327
63,0.9,1,0.5,478,466,119,125,5551,65,2602
63,0.9,1,1,513,481,112,120,5945,76,2744
63,0.9,1,2,484,457,119,128,5550,58,2558
63,0.9,2,0.5,440,436,129,137,5062,40,2384
63,0.9,2,1,484,457,118,128,5588,53,2596
63,0.9,2,2,526,474,110,122,6061,55,2765
63,1,0.5,0.5,437,445,130,135,5054,50,2397
63,1,0.5,1,428,436,133,138,4934,41,2341
63,1,0.5,2,411,418,139,147,4687,42,2213
63,1,1,0.5,428,436,133,138,4934,41,2341
63,1,1,1,418,426,136,143,4788,43,2265
63,1,1,2,406,414,141,149,4620,41,2181
63,1,2,0.5,411,418,139,147,4687,42,2213
63,1,2,1,406,414,141,149,4620,41,2181
63,1,2,2,401,409,143,152,4542,39,2138
72,0.1,0.5,0.5,379,451,148,128,4289,27,2039
72,0.1,0.5,1,369,466,152,125,4070,28,1889
72,0.1,0.5,2,371,436,152,137,3973,12,1778
72,0.1,1,0.5,437,466,129,125,5096,58,2439
72,0.1,1,1,428,481,131,120,4934,51,2341
72,0.1,1,2,405,457,139,128,4511,28,2079
72,0.1,2,0.5,425,436,134,137,4935,61,2363
72,0.1,2,1,439,457,129,128,5130,53,2459
72,0.1,2,2,446,474,126,122,5170,65,2449
72,0.2,0.5,0.5,382,451,147,128,4327,27,2056
72,0.2,0.5,1,375,466,150,125,4163,25,1940
72,0.2,0.5,2,381,436,148,137,4112,16,1848
72,0.2,1,0.5,438,466,129,125,5115,59,2451
72,0.2,1,1,432,481,130,120,4995,51,2373
72,0.2,1,2,413,457,136,128,4630,37,2142
72,0.2,2,0.5,426,436,134,137,4941,61,2362
72,0.2,2,1,441,457,129,128,5152,53,2467
72,0.2,2,2,451,474,125,122,5240,66,2484
72,0.3,0.5,0.5,387,451,146,128,4392,41,2086
72,0.3,0.5,1,384,466,147,125,4273,26,1988
72,0.3,0.5,2,388,436,146,137,4225,18,1912
72,0.3,1,0.5,440,466,129,125,5140,59,2462
72,0.3,1,1,437,481,129,120,5056,52,2399
72,0.3,1,2,419,457,135,128,4723,39,2193
72,0.3,2,0.5,426,436,134,137,4945,61,2366
72,0.3,2,1,442,457,128,128,5168,53,2476
72,0.3,2,2,454,474,124,122,5286,67,2508
72,0.4,0.5,0.5,395,451,143,128,4482,41,2120
72,0.4,0.5,1,394,466,144,125,4405,31,2050
72,0.4,0.5,2,394,436,144,137,4333,23,1978
72,0.4,1,0.5,443,466,128,125,5172,59,2473
72,0.4,1,1,442,481,128,120,5125,53,2433
72,0.4,1,2,424,457,133,128,4805,32,2240
72,0.4,2,0.5,426,436,134,137,4950,61,2371
72,0.4,2,1,443,457,128,128,5183,53,2484
72,0.4,2,2,456,474,124,122,5323,68,2531
72,0.5,0.5,0.5,404,451,140,128,4595,42,2170
72,0.5,0.5,1,406,466,140,125,4565,38,2126
72,0.5,0.5,2,401,436,142,137,4450,21,2046
72,0.5,1,0.5,446,466,127,125,5213,60,2492
72,0.5,1,1,448,481,126,120,5209,55,2474
72,0.5,1,2,430,457,132,128,4896,39,2289
72,0.5,2,0.5,427,436,134,137,4957,61,2371
72,0.5,2,1,445,457,128,128,5203,53,2489
72,0.5,2,2,459,474,123,122,5367,70,2554
72,0.6,0.5,0.5,414,451,136,128,4734,44,2239
72,0.6,0.5,1,420,466,135,125,4757,36,2220
72,0.6,0.5,2,409,436,139,137,4579,30,2119
72,0.6,1,0.5,450,466,126,125,5263,60,2514
72,0.6,1,1,456,481,124,120,5310,55,2518
72,0.6,1,2,436,457,130,128,4994,36,2344
72,0.6,2,0.5,427,436,134,137,4965,61,2379
72,0.6,2,1,447,457,127,128,5227,53,2499
72,0.6,2,2,463,474,122,122,5413,69,2571
72,0.7,0.5,0.5,426,451,132,128,4898,46,2319
72,0.7,0.5,1,436,466,130,125,4978,50,2328
72,0.7,0.5,2,418,436,136,137,4720,29,2197
72,0.7,1,0.5,455,466,124,125,5334,61,2549
72,0.7,1,1,467,481,121,120,5448,56,2578
72,0.7,1,2,445,457,127,128,5121,48,2407
72,0.7,2,0.5,429,436,133,137,4982,61,2382
72,0.7,2,1,452,457,126,128,5279,52,2516
72,0.7,2,2,471,474,120,122,5505,69,2606
72,0.8,0.5,0.5,440,451,128,128,5087,55,2409
72,0.8,0.5,1,454,466,125,125,5228,40,2450
72,0.8,0.5,2,427,436,133,137,4864,46,2278
72,0.8,1,0.5,463,466,123,125,5428,61,2586
72,0.8,1,1,481,481,118,120,5632,57,2661
72,0.8,1,2,457,457,124,128,5276,46,2477
72,0.8,2,0.5,432,436,132,137,5010,60,2388
72,0.8,2,1,459,457,124,128,5364,51,2551
72,0.8,2,2,484,474,118,122,5650,68,2658
72,0.9,0.5,0.5,455,451,125,128,5295,53,2510
72,0.9,0.5,1,473,466,120,125,5503,71,2590
72,0.9,0.5,2,437,436,130,137,5018,42,2361
72,0.9,1,0.5,475,466,120,125,5576,62,2648
72,0.9,1,1,505,481,114,120,5925,59,2782
72,0.9,1,2,476,457,120,128,5516,59,2581
72,0.9,2,0.5,437,436,131,137,5070,59,2413
72,0.9,2,1,476,457,121,128,5548,77,2613
72,0.9,2,2,512,474,113,122,5961,66,2767
72,1,0.5,0.5,438,445,130,135,5113,72,2449
72,1,0.5,1,428,436,133,138,4976,60,2383
72,1,0.5,2,410,418,140,147,4707,39,2240
72,1,1,0.5,428,436,133,138,4976,60,2383
72,1,1,1,417,426,137,143,4817,62,2301
72,1,1,2,406,414,142,149,4634,38,2195
72,1,2,0.5,410,418,140,147,4707,39,2240
72,1,2,1,406,414,142,149,4634,38,2195
72,1,2,2,400,409,144,152,4548,35,2151
81,0.1,0.5,0.5,376,451,149,128,4275,28,2045
81,0.1,0.5,1,367,466,152,125,4069,23,1902
81,0.1,0.5,2,372,436,152,137,3985,15,1783
81,0.1,1,0.5,433,466,130,125,5065,69,2436
81,0.1,1,1,425,481,132,120,4912,54,2340
81,0.1,1,2,404,457,139,128,4511,34,2086
81,0.1,2,0.5,421,436,135,137,4902,46,2358
81,0.1,2,1,435,457,130,128,5097,63,2454
81,0.1,2,2,443,474,127,122,5145,70,2446
81,0.2,0.5,0.5,380,451,148,128,4320,29,2063
81,0.2,0.5,1,375,466,150,125,4174,23,1951
81,0.2,0.5,2,382,436,149,137,4135,16,1864
81,0.2,1,0.5,434,466,130,125,5089,69,2453
81,0.2,1,1,429,481,131,120,4983,53,2383
81,0.2,1,2,413,457,137,128,4643,35,2155
81,0.2,2,0.5,421,436,134,137,4910,47,2366
81,0.2,2,1,437,457,129,128,5125,64,2468
81,0.2,2,2,448,474,126,122,5227,69,2492
81,0.3,0.5,0.5,386,451,146,128,4397,33,2098
81,0.3,0.5,1,384,466,147,125,4296,35,2011
81,0.3,0.5,2,389,436,146,137,4250,18,1930
81,0.3,1,0.5,437,466,129,125,5123,70,2466
81,0.3,1,1,435,481,130,120,5059,52,2416
81,0.3,1,2,419,457,135,128,4743,36,2213
81,0.3,2,0.5,422,436,134,137,4919,47,2368
81,0.3,2,1,438,457,129,128,5151,65,2487
81,0.3,2,2,452,474,125,122,5287,68,2524
81,0.4,0.5,0.5,394,451,143,128,4493,31,2138
81,0.4,0.5,1,395,466,144,125,4437,36,2075
81,0.4,0.5,2,395,436,144,137,4362,27,2000
81,0.4,1,0.5,439,466,129,125,5157,71,2486
81,0.4,1,1,440,481,128,120,5133,52,2455
81,0.4,1,2,424,457,134,128,4829,37,2264
81,0.4,2,0.5,422,436,134,137,4925,47,2374
81,0.4,2,1,439,457,129,128,5169,65,2498
81,0.4,2,2,453,474,124,122,5327,68,2557
81,0.5,0.5,0.5,403,451,140,128,4615,42,2197
81,0.5,0.5,1,407,466,139,125,4611,38,2165
81,0.5,0.5,2,403,436,141,137,4490,31,2072
81,0.5,1,0.5,442,466,128,125,5201,71,2509
81,0.5,1,1,446,481,126,120,5223,52,2502
81,0.5,1,2,430,457,132,128,4928,38,2321
81,0.5,2,0.5,423,436,134,137,4932,47,2374
81,0.5,2,1,441,457,128,128,5190,66,2505
81,0.5,2,2,456,474,124,122,5373,68,2581
81,0.6,0.5,0.5,414,451,136,128,4764,50,2269
81,0.6,0.5,1,422,466,134,125,4812,39,2261
81,0.6,0.5,2,411,436,138,137,4620,32,2146
81,0.6,1,0.5,446,466,127,125,5255,73,2534
81,0.6,1,1,454,481,124,120,5328,58,2550
81,0.6,1,2,436,457,130,128,5026,57,2376
81,0.6,2,0.5,423,436,134,137,4941,48,2383
81,0.6,2,1,443,457,128,128,5215,66,2516
81,0.6,2,2,460,474,123,122,5419,74,2599
81,0.7,0.5,0.5,426,451,133,128,4927,40,2348
81,0.7,0.5,1,438,466,130,125,5032,45,2368
81,0.7,0.5,2,420,436,136,137,4761,38,2224
81,0.7,1,0.5,450,466,125,125,5309,74,2560
81,0.7,1,1,462,481,122,120,5434,56,2599
81,0.7,1,2,443,457,128,128,5127,63,2428
81,0.7,2,0.5,424,436,134,137,4947,47,2382
81,0.7,2,1,445,457,127,128,5234,65,2520
81,0.7,2,2,463,474,122,122,5456,69,2614
81,0.8,0.5,0.5,437,451,129,128,5083,52,2426
81,0.8,0.5,1,451,466,125,125,5236,61,2480
81,0.8,0.5,2,426,436,133,137,4875,35,2296
81,0.8,1,0.5,455,466,124,125,5372,75,2587
81,0.8,1,1,471,481,120,120,5555,81,2656
81,0.8,1,2,449,457,126,128,5225,55,2483
81,0.8,2,0.5,425,436,133,137,4961,47,2389
81,0.8,2,1,449,457,126,128,5273,64,2531
81,0.8,2,2,470,474,120,122,5521,63,2629
81,0.9,0.5,0.5,449,451,126,128,5260,56,2518
81,0.9,0.5,1,466,466,122,125,5467,69,2604
81,0.9,0.5,2,433,436,131,137,5000,39,2371
81,0.9,1,0.5,465,466,122,125,5486,76,2630
81,0.9,1,1,489,481,116,120,5777,68,2749
81,0.9,1,2,463,457,123,128,5402,57,2560
81,0.9,2,0.5,430,436,132,137,5003,61,2396
81,0.9,2,1,461,457,123,128,5402,62,2575
81,0.9,2,2,490,474,117,122,5739,76,2704
81,1,0.5,0.5,434,445,131,135,5080,56,2444
81,1,0.5,1,424,436,134,138,4944,71,2379
81,1,0.5,2,406,418,140,147,4675,47,2236
81,1,1,0.5,424,436,134,138,4944,71,2379
81,1,1,1,413,426,137,143,4786,48,2298
81,1,1,2,402,414,142,149,4601,45,2190
81,1,2,0.5,406,418,140,147,4675,47,2236
81,1,2,1,402,414,142,149,4601,45,2190
81,1,2,2,397,409,144,152,4515,41,2139
90,0.1,0.5,0.5,370,451,152,128,4177,24,1989
90,0.1,0.5,1,363,466,154,125,4009,23,1869
90,0.1,0.5,2,370,436,153,137,3965,16,1777
90,0.1,1,0.5,424,466,133,125,4938,62,2373
90,0.1,1,1,416,481,135,120,4792,55,2283
90,0.1,1,2,399,457,141,128,4441,34,2051
90,0.1,2,0.5,416,436,137,137,4835,67,2326
90,0.1,2,1,428,457,132,128,4998,58,2405
90,0.1,2,2,434,474,129,122,5023,46,2387
90,0.2,0.5,0.5,373,451,151,128,4226,38,2017
90,0.2,0.5,1,371,466,152,125,4120,24,1925
90,0.2,0.5,2,381,436,150,137,4121,18,1857
90,0.2,1,0.5,426,466,133,125,4965,62,2386
90,0.2,1,1,421,481,134,120,4868,55,2324
90,0.2,1,2,408,457,139,128,4580,36,2127
90,0.2,2,0.5,417,436,137,137,4844,67,2328
90,0.2,2,1,430,457,132,128,5029,59,2422
90,0.2,2,2,440,474,128,122,5111,47,2433
90,0.3,0.5,0.5,380,451,149,128,4309,39,2052
90,0.3,0.5,1,381,466,149,125,4249,26,1985
90,0.3,0.5,2,388,436,147,137,4238,20,1925
90,0.3,1,0.5,428,466,132,125,5004,63,2411
90,0.3,1,1,427,481,132,120,4953,57,2367
90,0.3,1,2,414,457,137,128,4685,39,2190
90,0.3,2,0.5,418,436,136,137,4856,68,2333
90,0.3,2,1,432,457,131,128,5063,60,2441
90,0.3,2,2,444,474,127,122,5183,49,2476
90,0.4,0.5,0.5,389,451,146,128,4417,40,2097
90,0.4,0.5,1,393,466,145,125,4408,28,2060
90,0.4,0.5,2,396,436,145,137,4365,24,1996
90,0.4,1,0.5,432,466,131,125,5050,65,2428
90,0.4,1,1,434,481,130,120,5051,59,2415
90,0.4,1,2,421,457,135,128,4796,43,2252
90,0.4,2,0.5,418,436,136,137,4868,58,2345
90,0.4,2,1,434,457,130,128,5098,61,2462
90,0.4,2,2,448,474,126,122,5253,51,2518
90,0.5,0.5,0.5,399,451,142,128,4552,42,2162
90,0.5,0.5,1,406,466,140,125,4597,31,2158
90,0.5,0.5,2,403,436,142,137,4497,27,2079
90,0.5,1,0.5,436,466,130,125,5108,66,2458
90,0.5,1,1,442,481,128,120,5168,63,2476
90,0.5,1,2,428,457,133,128,4914,48,2321
90,0.5,2,0.5,419,436,136,137,4883,59,2353
90,0.5,2,1,437,457,130,128,5141,63,2484
90,0.5,2,2,453,474,125,122,5334,54,2564
90,0.6,0.5,0.5,411,451,138,128,4720,44,2246
90,0.6,0.5,1,422,466,135,125,4825,51,2274
90,0.6,0.5,2,412,436,139,137,4647,30,2166
90,0.6,1,0.5,441,466,129,125,5176,68,2491
90,0.6,1,1,451,481,125,120,5303,67,2547
90,0.6,1,2,436,457,130,128,5042,52,2392
90,0.6,2,0.5,420,436,135,137,4899,59,2362
90,0.6,2,1,440,457,129,128,5187,65,2509
90,0.6,2,2,458,474,123,122,5414,57,2608
90,0.7,0.5,0.5,422,451,134,128,4877,47,2326
90,0.7,0.5,1,436,466,130,125,5035,56,2385
90,0.7,0.5,2,420,436,136,137,4778,33,2241
90,0.7,1,0.5,444,466,128,125,5229,70,2522
90,0.7,1,1,458,481,123,120,5405,70,2599
90,0.7,1,2,441,457,128,128,5136,56,2451
90,0.7,2,0.5,421,436,135,137,4906,66,2362
90,0.7,2,1,441,457,128,128,5206,66,2521
90,0.7,2,2,460,474,123,122,5449,83,2629
90,0.8,0.5,0.5,433,451,131,128,5041,51,2412
90,0.8,0.5,1,451,466,126,125,5248,61,2492
90,0.8,0.5,2,427,436,134,137,4902,52,2316
90,0.8,1,0.5,448,466,126,125,5287,72,2552
90,0.8,1,1,466,481,121,120,5512,73,2649
90,0.8,1,2,448,457,127,128,5227,56,2492
90,0.8,2,0.5,422,436,135,137,4915,71,2364
90,0.8,2,1,444,457,128,128,5230,65,2523
90,0.8,2,2,465,474,122,122,5488,89,2632
90,0.9,0.5,0.5,440,451,128,128,5159,54,2481
90,0.9,0.5,1,460,466,123,125,5401,67,2581
90,0.9,0.5,2,430,436,133,137,4983,59,2376
90,0.9,1,0.5,452,466,125,125,5340,73,2577
90,0.9,1,1,474,481,119,120,5612,74,2692
90,0.9,1,2,453,457,125,128,5301,57,2531
90,0.9,2,0.5,423,436,135,137,4926,70,2368
90,0.9,2,1,448,457,127,128,5266,63,2531
90,0.9,2,2,471,474,120,122,5547,84,2648
90,1,0.5,0.5,426,445,134,135,4963,51,2384
90,1,0.5,1,419,436,136,138,4866,65,2336
90,1,0.5,2,404,418,142,147,4641,44,2216
90,1,1,0.5,419,436,136,138,4866,65,2336
90,1,1,1,410,426,139,143,4735,44,2268
90,1,1,2,400,414,143,149,4577,42,2180
90,1,2,0.5,404,418,142,147,4641,44,2216
90,1,2,1,400,414,143,149,4577,42,2180
90,1,2,2,396,409,145,152,4501,38,2132
